{"@context":"http://greendelta.github.io/olca-schema/context.jsonld","@type":"Category","@id":"0796c9fb-61f3-3efd-85e3-5a4f42a7bca9","name":"3821:Treatment and disposal of non-hazardous waste","version":"00.00.000","category":{"@type":"Category","@id":"d07cbded-666f-3f04-b59e-318244bed0ed","name":"382:Waste treatment and disposal","categoryPath":["E:Water supply; sewerage, waste management and remediation activities","38:Waste collection, treatment and disposal activities; materials recovery"],"categoryType":"Flow"},"modelType":"FLOW"}