{"@context":"http://greendelta.github.io/olca-schema/context.jsonld","@type":"Category","@id":"0e6149ca-24d7-311e-a412-f492c801067b","name":"3510:Electric power generation, transmission and distribution","version":"00.00.000","category":{"@type":"Category","@id":"f24682c4-bd83-3c0f-a794-ee3648ef687c","name":"351:Electric power generation, transmission and distribution","categoryPath":["D:Electricity, gas, steam and air conditioning supply","35:Electricity, gas, steam and air conditioning supply"],"categoryType":"Flow"},"modelType":"FLOW"}