{"@context":"http://greendelta.github.io/olca-schema/context.jsonld","@type":"Category","@id":"1472dffb-b817-3fc3-8c88-9914aba7df3f","name":"3315:Repair of transport equipment, except motor vehicles","version":"00.00.000","category":{"@type":"Category","@id":"07fce90e-cabb-3e5b-ba29-382c3b2cadc0","name":"331:Repair of fabricated metal products, machinery and equipment","categoryPath":["C:Manufacturing","33:Repair and installation of machinery and equipment"],"categoryType":"Flow"},"modelType":"FLOW"}