{"@context":"http://greendelta.github.io/olca-schema/context.jsonld","@type":"Category","@id":"153fb9d7-7503-322e-b5e9-70dc590067d2","name":"3530a: Steam and air conditioning supply based on liquid fuels ","version":"00.00.000","category":{"@type":"Category","@id":"9f49f2e1-a276-37bb-882b-044af9bb8c5d","name":"3530:Steam and air conditioning supply","categoryPath":["D:Electricity, gas, steam and air conditioning supply","35:Electricity, gas, steam and air conditioning supply","353:Steam and air conditioning supply"],"categoryType":"Flow"},"modelType":"FLOW"}