{"@context":"http://greendelta.github.io/olca-schema/context.jsonld","@type":"Category","@id":"21049161-42a8-35e5-9b55-87b2587ab132","name":"3830:Materials recovery","version":"00.00.000","category":{"@type":"Category","@id":"8649ee46-f244-36ae-9877-f36d69726a27","name":"383:Materials recovery","categoryPath":["E:Water supply; sewerage, waste management and remediation activities","38:Waste collection, treatment and disposal activities; materials recovery"],"categoryType":"Flow"},"modelType":"FLOW"}