{"@context":"http://greendelta.github.io/olca-schema/context.jsonld","@type":"Category","@id":"3d77b353-76b6-30a7-8738-2272cb3362ab","name":"4520:Maintenance and repair of motor vehicles","version":"00.00.000","category":{"@type":"Category","@id":"adb2f82b-0ebc-31b8-b921-1c2fee20b42c","name":"452:Maintenance and repair of motor vehicles","categoryPath":["G:Wholesale and retail trade; repair of motor vehicles and motorcycles","45:Wholesale and retail trade and repair of motor vehicles and motorcycles"],"categoryType":"Flow"},"modelType":"FLOW"}