{"@context":"http://greendelta.github.io/olca-schema/context.jsonld","@type":"Category","@id":"4dc204a8-6737-36ac-870b-bb2fb6099b21","name":"3600:Water collection, treatment and supply","version":"00.00.000","category":{"@type":"Category","@id":"710b8757-8f89-3ca5-ab27-3d54501a6c3c","name":"360:Water collection, treatment and supply","categoryPath":["E:Water supply; sewerage, waste management and remediation activities","36:Water collection, treatment and supply"],"categoryType":"Flow"},"modelType":"FLOW"}