{"@context":"http://greendelta.github.io/olca-schema/context.jsonld","@type":"Category","@id":"67afe3fa-f50d-340e-8db2-e733f5a1571a","name":"454:Sale, maintenance and repair of motorcycles and related parts and accessories","version":"00.00.000","category":{"@type":"Category","@id":"dc39042d-4d0b-36fb-910c-3ce60f076f13","name":"45:Wholesale and retail trade and repair of motor vehicles and motorcycles","categoryPath":["G:Wholesale and retail trade; repair of motor vehicles and motorcycles"],"categoryType":"Flow"},"modelType":"FLOW"}