{"@context":"http://greendelta.github.io/olca-schema/context.jsonld","@type":"Category","@id":"8c5c954e-f638-310c-802c-37a9360bf324","name":"4540:Sale, maintenance and repair of motorcycles and related parts and accessori","version":"00.00.000","category":{"@type":"Category","@id":"67afe3fa-f50d-340e-8db2-e733f5a1571a","name":"454:Sale, maintenance and repair of motorcycles and related parts and accessories","categoryPath":["G:Wholesale and retail trade; repair of motor vehicles and motorcycles","45:Wholesale and retail trade and repair of motor vehicles and motorcycles"],"categoryType":"Flow"},"modelType":"FLOW"}