{"@context":"http://greendelta.github.io/olca-schema/context.jsonld","@type":"Category","@id":"adb2f82b-0ebc-31b8-b921-1c2fee20b42c","name":"452:Maintenance and repair of motor vehicles","version":"00.00.000","category":{"@type":"Category","@id":"dc39042d-4d0b-36fb-910c-3ce60f076f13","name":"45:Wholesale and retail trade and repair of motor vehicles and motorcycles","categoryPath":["G:Wholesale and retail trade; repair of motor vehicles and motorcycles"],"categoryType":"Flow"},"modelType":"FLOW"}