{"@context":"http://greendelta.github.io/olca-schema/context.jsonld","@type":"Category","@id":"c0a898f1-b5fe-3012-a8e3-b865ca781d8b","name":"2013:Manufacture of plastics and synthetic rubber in primary forms","version":"00.00.000","category":{"@type":"Category","@id":"0464c1d2-1c64-36e7-966f-f1a52b38c9e7","name":"201:Manufacture of basic chemicals, fertilizers and nitrogen compounds, plastics and synthetic rubber in primary forms","categoryPath":["C:Manufacturing","20:Manufacture of chemicals and chemical products"],"categoryType":"Flow"},"modelType":"FLOW"}