{"@context":"http://greendelta.github.io/olca-schema/context.jsonld","@type":"Category","@id":"c6eb0625-28d0-3fae-9f43-345555c8d54a","name":"2592:Treatment and coating of metals; machining","version":"00.00.000","category":{"@type":"Category","@id":"ee9de44e-8abf-349a-abfc-9de2c0490ef7","name":"259:Manufacture of other fabricated metal products; metalworking service activit","categoryPath":["C:Manufacturing","25:Manufacture of fabricated metal products, except machinery and equipment"],"categoryType":"Flow"},"modelType":"FLOW"}