{"@context":"http://greendelta.github.io/olca-schema/context.jsonld","@type":"Category","@id":"e46adb50-1ecb-37ec-b373-ea29193701ab","name":"2399:Manufacture of other non-metallic mineral products n.e.c.","version":"00.00.000","category":{"@type":"Category","@id":"8e91ac3e-b455-3554-879d-7e067f3e820e","name":"239:Manufacture of non-metallic mineral products n.e.c.","categoryPath":["C:Manufacturing","23:Manufacture of other non-metallic mineral products"],"categoryType":"Flow"},"modelType":"FLOW"}