{"@context":"http://greendelta.github.io/olca-schema/context.jsonld","@type":"Process","@id":"0e1704c2-4be8-4d03-8da6-8dbdec86ae22","name":"Personal_bicycle_1Unit","description":"","version":"00.00.003","lastChange":"2019-09-19T13:55:44.944+02:00","category":{"@type":"Category","@id":"d904ed1a-f0bb-3ac3-a57b-eaa017765169","name":"Vehicles","categoryPath":["Conseq_FFES_Paris"],"categoryType":"Process"},"processType":"UNIT_PROCESS","infrastructureProcess":false,"processDocumentation":{"@type":"ProcessDocumentation","copyright":false,"creationDate":"2019-09-13T15:08:07.347+02:00"},"lastInternalId":3,"exchanges":[{"@type":"Exchange","avoidedProduct":false,"input":false,"amount":1.0,"internalId":1,"flow":{"@type":"Flow","@id":"090e6b25-dae6-46d9-8132-97644111ff40","name":"Personal_bicycle_1Unit","flowType":"PRODUCT_FLOW","refUnit":"Item(s)"},"unit":{"@type":"Unit","@id":"6dabe201-aaac-4509-92f0-d00c26cb72ab","name":"Item(s)"},"flowProperty":{"@type":"FlowProperty","@id":"01846770-4cfe-4a25-8ad9-919d8d378345","name":"Number of items","categoryPath":["Technical flow properties"]},"quantitativeReference":true},{"@type":"Exchange","avoidedProduct":false,"input":true,"amount":1.0,"internalId":2,"defaultProvider":{"@type":"Process","@id":"08cf3046-e40e-3edb-a99d-d2452fbb7646","name":"market for bicycle | bicycle | conseq. long-term, S","categoryPath":["C:Manufacturing","30:Manufacture of other transport equipment","309:Manufacture of transport equipment n.e.c.","3092:Manufacture of bicycles and invalid carriages"],"processType":"LCI_RESULT","location":"GLO"},"flow":{"@type":"Flow","@id":"95c802b9-272e-392b-b2a1-f6ecfb30f30f","name":"bicycle | market for bicycle","categoryPath":["C:Manufacturing","30:Manufacture of other transport equipment","309:Manufacture of transport equipment n.e.c.","3092:Manufacture of bicycles and invalid carriages"],"flowType":"PRODUCT_FLOW","location":"GLO","refUnit":"Item(s)"},"unit":{"@type":"Unit","@id":"6dabe201-aaac-4509-92f0-d00c26cb72ab","name":"Item(s)"},"flowProperty":{"@type":"FlowProperty","@id":"01846770-4cfe-4a25-8ad9-919d8d378345","name":"Number of items","categoryPath":["Technical flow properties"]}},{"@type":"Exchange","avoidedProduct":false,"input":true,"amount":1.0,"internalId":3,"defaultProvider":{"@type":"Process","@id":"b8c4830b-35ea-37a7-b705-f62eb0b1daab","name":"market for maintenance, bicycle | maintenance, bicycle | conseq. long-term, S","categoryPath":["S:Other service activities","95:Repair of computers and personal and household goods","952:Repair of personal and household goods","9529:Repair of other personal and household goods"],"processType":"LCI_RESULT","location":"GLO"},"flow":{"@type":"Flow","@id":"b013416f-8eb4-3341-906b-9229c9539e18","name":"maintenance, bicycle | market for maintenance, bicycle","categoryPath":["S:Other service activities","95:Repair of computers and personal and household goods","952:Repair of personal and household goods","9529:Repair of other personal and household goods"],"flowType":"PRODUCT_FLOW","location":"GLO","refUnit":"Item(s)"},"unit":{"@type":"Unit","@id":"6dabe201-aaac-4509-92f0-d00c26cb72ab","name":"Item(s)"},"flowProperty":{"@type":"FlowProperty","@id":"01846770-4cfe-4a25-8ad9-919d8d378345","name":"Number of items","categoryPath":["Technical flow properties"]}}]}