{"@context":"http://greendelta.github.io/olca-schema/context.jsonld","@type":"Process","@id":"1345ac8f-301f-4c66-be28-c1a63cea4c9d","name":"Hot Mix Asphalt manufacture FR","description":"","version":"00.00.001","lastChange":"2019-10-30T16:57:54.613+01:00","category":{"@type":"Category","@id":"379e002d-edb2-344a-bf14-aa144c6a9769","name":"Infrastructure","categoryPath":["Conseq_FFES_Paris"],"categoryType":"Process"},"processType":"UNIT_PROCESS","infrastructureProcess":false,"processDocumentation":{"@type":"ProcessDocumentation","copyright":false,"creationDate":"2019-10-30T16:38:06.715+01:00"},"lastInternalId":15,"exchanges":[{"@type":"Exchange","avoidedProduct":false,"input":false,"amount":1.0,"internalId":1,"flow":{"@type":"Flow","@id":"ed30309c-ebc9-4a46-a0e9-6fac8f686320","name":"Hot Mix Asphalt manufacture FR","flowType":"PRODUCT_FLOW","refUnit":"kg"},"unit":{"@type":"Unit","@id":"d022bf34-1162-4579-90ab-dcca9620ce54","name":"Mg"},"flowProperty":{"@type":"FlowProperty","@id":"93a60a56-a3c8-11da-a746-0800200b9a66","name":"Mass","categoryPath":["Technical flow properties"]},"quantitativeReference":true},{"@type":"Exchange","avoidedProduct":false,"input":true,"amount":0.00232,"internalId":10,"defaultProvider":{"@type":"Process","@id":"bc790fba-5016-39ce-8de0-dd7931879c95","name":"treatment of wastewater, average, capacity 1E9l/year | wastewater, average | conseq. long-term, S","categoryPath":["E:Water supply; sewerage, waste management and remediation activities","37:Sewerage","370:Sewerage","3700:Sewerage"],"processType":"LCI_RESULT","location":"Québec"},"flow":{"@type":"Flow","@id":"ac103bf6-54c4-3f6f-b637-ac0fa6846728","name":"wastewater, average | treatment of wastewater, average, capacity 1E9l/year","categoryPath":["E:Water supply; sewerage, waste management and remediation activities","37:Sewerage","370:Sewerage","3700:Sewerage"],"flowType":"PRODUCT_FLOW","location":"Québec","refUnit":"m3"},"unit":{"@type":"Unit","@id":"1c3a9695-398d-4b1f-b07e-a8715b610f70","name":"m3"},"flowProperty":{"@type":"FlowProperty","@id":"93a60a56-a3c8-22da-a746-0800200c9a66","name":"Volume","categoryPath":["Technical flow properties"]}},{"@type":"Exchange","avoidedProduct":false,"input":true,"amount":9.53E-5,"internalId":9,"flow":{"@type":"Flow","@id":"67c40aae-d403-464d-9649-c12695e43ad8","name":"Water, well, in ground","categoryPath":["Elementary flows","Resource","in water"],"flowType":"ELEMENTARY_FLOW","refUnit":"m3"},"unit":{"@type":"Unit","@id":"1c3a9695-398d-4b1f-b07e-a8715b610f70","name":"m3"},"flowProperty":{"@type":"FlowProperty","@id":"93a60a56-a3c8-22da-a746-0800200c9a66","name":"Volume","categoryPath":["Technical flow properties"]}},{"@type":"Exchange","avoidedProduct":false,"input":false,"amount":3.57E-6,"internalId":11,"flow":{"@type":"Flow","@id":"5189de76-6bbb-44ba-8c42-5714f1b4371f","name":"Nitrate","categoryPath":["Elementary flows","Emission to water","unspecified"],"flowType":"ELEMENTARY_FLOW","refUnit":"kg"},"unit":{"@type":"Unit","@id":"20aadc24-a391-41cf-b340-3e4529f44bde","name":"kg"},"flowProperty":{"@type":"FlowProperty","@id":"93a60a56-a3c8-11da-a746-0800200b9a66","name":"Mass","categoryPath":["Technical flow properties"]}},{"@type":"Exchange","avoidedProduct":false,"input":true,"amount":2.08,"internalId":6,"flow":{"@type":"Flow","@id":"e80ed641-aff5-35d0-9b96-80d8180bb4bd","name":"heat, central or small-scale, other than natural gas | heat production, light fuel oil, at boiler 100kW, non-modulating","categoryPath":["D:Electricity, gas, steam and air conditioning supply","35:Electricity, gas, steam and air conditioning supply","353:Steam and air conditioning supply","3530:Steam and air conditioning supply","3530a: Steam and air conditioning supply based on liquid fuels"],"flowType":"PRODUCT_FLOW","location":"Europe without Switzerland","refUnit":"MJ"},"unit":{"@type":"Unit","@id":"86ad2244-1f0e-4912-af53-7865283103e4","name":"kWh"},"flowProperty":{"@type":"FlowProperty","@id":"f6811440-ee37-11de-8a39-0800200c9a66","name":"Energy","categoryPath":["Technical flow properties"]}},{"@type":"Exchange","avoidedProduct":false,"input":true,"amount":0.7,"internalId":7,"flow":{"@type":"Flow","@id":"7ebabe75-329d-3515-b7f5-e9f4045b537b","name":"heat, central or small-scale, other than natural gas | heat production, lignite briquette, at stove 5-15kW","categoryPath":["D:Electricity, gas, steam and air conditioning supply","35:Electricity, gas, steam and air conditioning supply","353:Steam and air conditioning supply","3530:Steam and air conditioning supply"],"flowType":"PRODUCT_FLOW","location":"Europe without Switzerland","refUnit":"MJ"},"unit":{"@type":"Unit","@id":"86ad2244-1f0e-4912-af53-7865283103e4","name":"kWh"},"flowProperty":{"@type":"FlowProperty","@id":"f6811440-ee37-11de-8a39-0800200c9a66","name":"Energy","categoryPath":["Technical flow properties"]}},{"@type":"Exchange","avoidedProduct":false,"input":true,"amount":47.6,"internalId":3,"defaultProvider":{"@type":"Process","@id":"74d73647-d591-3253-bc1b-be593d110707","name":"heat production, natural gas, at industrial furnace low-NOx \u003e100kW | heat, district or industrial, natural gas | conseq. long-term, S","categoryPath":["D:Electricity, gas, steam and air conditioning supply","35:Electricity, gas, steam and air conditioning supply","353:Steam and air conditioning supply","3530:Steam and air conditioning supply"],"processType":"LCI_RESULT","location":"Europe without Switzerland"},"flow":{"@type":"Flow","@id":"4f2abbfd-4b51-3b01-9a4b-52eaca1041e4","name":"heat, district or industrial, natural gas | heat production, natural gas, at industrial furnace low-NOx \u003e100kW","categoryPath":["D:Electricity, gas, steam and air conditioning supply","35:Electricity, gas, steam and air conditioning supply","353:Steam and air conditioning supply","3530:Steam and air conditioning supply"],"flowType":"PRODUCT_FLOW","location":"Europe without Switzerland","refUnit":"MJ"},"unit":{"@type":"Unit","@id":"86ad2244-1f0e-4912-af53-7865283103e4","name":"kWh"},"flowProperty":{"@type":"FlowProperty","@id":"f6811440-ee37-11de-8a39-0800200c9a66","name":"Energy","categoryPath":["Technical flow properties"]}},{"@type":"Exchange","avoidedProduct":false,"input":false,"amount":4.84E-5,"internalId":13,"flow":{"@type":"Flow","@id":"91955aba-6ebc-4413-9342-f0298860b4aa","name":"BOD5, Biological Oxygen Demand","categoryPath":["Elementary flows","Emission to water","unspecified"],"flowType":"ELEMENTARY_FLOW","refUnit":"kg"},"unit":{"@type":"Unit","@id":"20aadc24-a391-41cf-b340-3e4529f44bde","name":"kg"},"flowProperty":{"@type":"FlowProperty","@id":"93a60a56-a3c8-11da-a746-0800200b9a66","name":"Mass","categoryPath":["Technical flow properties"]}},{"@type":"Exchange","avoidedProduct":false,"input":true,"amount":7.25,"internalId":2,"defaultProvider":{"@type":"Process","@id":"3e59bedc-defc-3f7b-97dd-0eb92c613a21","name":"market for electricity, medium voltage | electricity, medium voltage | conseq. long-term, S","categoryPath":["D:Electricity, gas, steam and air conditioning supply","35:Electricity, gas, steam and air conditioning supply","351:Electric power generation, transmission and distribution","3510:Electric power generation, transmission and distribution"],"processType":"LCI_RESULT","location":"FR"},"flow":{"@type":"Flow","@id":"d655b4ba-f0d3-3689-9a85-0b903f623755","name":"electricity, medium voltage | market for electricity, medium voltage","categoryPath":["D:Electricity, gas, steam and air conditioning supply","35:Electricity, gas, steam and air conditioning supply","351:Electric power generation, transmission and distribution","3510:Electric power generation, transmission and distribution"],"flowType":"PRODUCT_FLOW","location":"FR","refUnit":"MJ"},"unit":{"@type":"Unit","@id":"86ad2244-1f0e-4912-af53-7865283103e4","name":"kWh"},"flowProperty":{"@type":"FlowProperty","@id":"f6811440-ee37-11de-8a39-0800200c9a66","name":"Energy","categoryPath":["Technical flow properties"]}},{"@type":"Exchange","avoidedProduct":false,"input":true,"amount":21.0,"internalId":4,"defaultProvider":{"@type":"Process","@id":"974169fc-7cdc-3400-9cab-d66dd19d6cba","name":"heavy fuel oil, burned in refinery furnace | heavy fuel oil, burned in refinery furnace | conseq. long-term, S","categoryPath":["D:Electricity, gas, steam and air conditioning supply","35:Electricity, gas, steam and air conditioning supply","353:Steam and air conditioning supply","3530:Steam and air conditioning supply","3530a: Steam and air conditioning supply based on liquid fuels"],"processType":"LCI_RESULT","location":"Europe without Switzerland"},"flow":{"@type":"Flow","@id":"9aa2cfb3-844b-3bf5-8901-16da2b637e94","name":"heavy fuel oil, burned in refinery furnace | heavy fuel oil, burned in refinery furnace","categoryPath":["D:Electricity, gas, steam and air conditioning supply","35:Electricity, gas, steam and air conditioning supply","353:Steam and air conditioning supply","3530:Steam and air conditioning supply","3530a: Steam and air conditioning supply based on liquid fuels"],"flowType":"PRODUCT_FLOW","location":"Europe without Switzerland","refUnit":"MJ"},"unit":{"@type":"Unit","@id":"86ad2244-1f0e-4912-af53-7865283103e4","name":"kWh"},"flowProperty":{"@type":"FlowProperty","@id":"f6811440-ee37-11de-8a39-0800200c9a66","name":"Energy","categoryPath":["Technical flow properties"]}},{"@type":"Exchange","avoidedProduct":false,"input":false,"amount":5.82E-6,"internalId":15,"flow":{"@type":"Flow","@id":"e620a933-c348-4e7e-8893-ab0a0f681c7e","name":"Hydrocarbons, unspecified","categoryPath":["Elementary flows","Emission to water","unspecified"],"flowType":"ELEMENTARY_FLOW","refUnit":"kg"},"unit":{"@type":"Unit","@id":"20aadc24-a391-41cf-b340-3e4529f44bde","name":"kg"},"flowProperty":{"@type":"FlowProperty","@id":"93a60a56-a3c8-11da-a746-0800200b9a66","name":"Mass","categoryPath":["Technical flow properties"]}},{"@type":"Exchange","avoidedProduct":false,"input":true,"amount":700.0,"internalId":8,"defaultProvider":{"@type":"Process","@id":"7830f795-db2f-3bd9-ae8d-b5fbea3f0fb9","name":"market for tap water | tap water | conseq. long-term, S","categoryPath":["E:Water supply; sewerage, waste management and remediation activities","36:Water collection, treatment and supply","360:Water collection, treatment and supply","3600:Water collection, treatment and supply"],"processType":"LCI_RESULT","location":"Europe without Switzerland"},"flow":{"@type":"Flow","@id":"bf9050e9-52c2-345a-9857-81fae458a2f9","name":"tap water | market for tap water","categoryPath":["E:Water supply; sewerage, waste management and remediation activities","36:Water collection, treatment and supply","360:Water collection, treatment and supply","3600:Water collection, treatment and supply"],"flowType":"PRODUCT_FLOW","location":"Europe without Switzerland","refUnit":"kg"},"unit":{"@type":"Unit","@id":"20aadc24-a391-41cf-b340-3e4529f44bde","name":"kg"},"flowProperty":{"@type":"FlowProperty","@id":"93a60a56-a3c8-11da-a746-0800200b9a66","name":"Mass","categoryPath":["Technical flow properties"]}},{"@type":"Exchange","avoidedProduct":false,"input":false,"amount":7.49E-4,"internalId":14,"flow":{"@type":"Flow","@id":"693921ef-e02d-4072-add0-55aa4631b213","name":"Suspended solids, unspecified","categoryPath":["Elementary flows","Emission to water","unspecified"],"flowType":"ELEMENTARY_FLOW","refUnit":"kg"},"unit":{"@type":"Unit","@id":"20aadc24-a391-41cf-b340-3e4529f44bde","name":"kg"},"flowProperty":{"@type":"FlowProperty","@id":"93a60a56-a3c8-11da-a746-0800200b9a66","name":"Mass","categoryPath":["Technical flow properties"]}},{"@type":"Exchange","avoidedProduct":false,"input":true,"amount":1.4,"internalId":5,"flow":{"@type":"Flow","@id":"07e784ed-be65-3b43-a088-23292029997b","name":"heat, district or industrial, other than natural gas | heat production, light fuel oil, at industrial furnace 1MW","categoryPath":["D:Electricity, gas, steam and air conditioning supply","35:Electricity, gas, steam and air conditioning supply","353:Steam and air conditioning supply","3530:Steam and air conditioning supply","3530a: Steam and air conditioning supply based on liquid fuels"],"flowType":"PRODUCT_FLOW","location":"Europe without Switzerland","refUnit":"MJ"},"unit":{"@type":"Unit","@id":"86ad2244-1f0e-4912-af53-7865283103e4","name":"kWh"},"flowProperty":{"@type":"FlowProperty","@id":"f6811440-ee37-11de-8a39-0800200c9a66","name":"Energy","categoryPath":["Technical flow properties"]}},{"@type":"Exchange","avoidedProduct":false,"input":false,"amount":8.26E-4,"internalId":12,"flow":{"@type":"Flow","@id":"961ccd56-2eee-4f57-bb18-fc4362b49000","name":"COD, Chemical Oxygen Demand","categoryPath":["Elementary flows","Emission to water","unspecified"],"flowType":"ELEMENTARY_FLOW","refUnit":"kg"},"unit":{"@type":"Unit","@id":"20aadc24-a391-41cf-b340-3e4529f44bde","name":"kg"},"flowProperty":{"@type":"FlowProperty","@id":"93a60a56-a3c8-11da-a746-0800200b9a66","name":"Mass","categoryPath":["Technical flow properties"]}}]}