{"@context":"http://greendelta.github.io/olca-schema/context.jsonld","@type":"Process","@id":"1df39741-04a1-431d-9ed3-5de87d82dbe1","name":"Metro_1Unit","description":"","version":"00.00.005","lastChange":"2019-11-14T20:13:50.380+01:00","category":{"@type":"Category","@id":"d904ed1a-f0bb-3ac3-a57b-eaa017765169","name":"Vehicles","categoryPath":["Conseq_FFES_Paris"],"categoryType":"Process"},"processType":"UNIT_PROCESS","infrastructureProcess":false,"processDocumentation":{"@type":"ProcessDocumentation","copyright":false,"creationDate":"2019-09-13T15:13:00.255+02:00"},"lastInternalId":6,"exchanges":[{"@type":"Exchange","avoidedProduct":false,"input":false,"amount":1.0,"internalId":1,"flow":{"@type":"Flow","@id":"d8af5206-7040-42c0-8362-f9060548c5f2","name":"Metro_1Unit","flowType":"PRODUCT_FLOW","refUnit":"Item(s)"},"unit":{"@type":"Unit","@id":"6dabe201-aaac-4509-92f0-d00c26cb72ab","name":"Item(s)"},"flowProperty":{"@type":"FlowProperty","@id":"01846770-4cfe-4a25-8ad9-919d8d378345","name":"Number of items","categoryPath":["Technical flow properties"]},"quantitativeReference":true},{"@type":"Exchange","avoidedProduct":false,"input":true,"amount":0.7660818713450293,"amountFormula":"131/171","internalId":4,"defaultProvider":{"@type":"Process","@id":"e16ccec6-1ccd-3cc8-96a4-629636f9238c","name":"maintenance, train, passenger, regional | maintenance, train, passenger, regional | conseq. long-term, S","categoryPath":["C:Manufacturing","33:Repair and installation of machinery and equipment","331:Repair of fabricated metal products, machinery and equipment","3315:Repair of transport equipment, except motor vehicles"],"processType":"LCI_RESULT","location":"RoW"},"flow":{"@type":"Flow","@id":"b5a2c839-6543-303a-b79a-52074bd2deaa","name":"maintenance, train, passenger, regional | maintenance, train, passenger, regional","categoryPath":["C:Manufacturing","33:Repair and installation of machinery and equipment","331:Repair of fabricated metal products, machinery and equipment","3315:Repair of transport equipment, except motor vehicles"],"flowType":"PRODUCT_FLOW","location":"RoW","refUnit":"Item(s)"},"unit":{"@type":"Unit","@id":"6dabe201-aaac-4509-92f0-d00c26cb72ab","name":"Item(s)"},"flowProperty":{"@type":"FlowProperty","@id":"01846770-4cfe-4a25-8ad9-919d8d378345","name":"Number of items","categoryPath":["Technical flow properties"]}},{"@type":"Exchange","avoidedProduct":false,"input":true,"amount":0.7660818713450293,"amountFormula":"131/171","internalId":2,"defaultProvider":{"@type":"Process","@id":"ea890f36-d115-3e1b-9d40-a6fa01a0244a","name":"train production, passenger, regional | train, passenger, regional | conseq. long-term, S","categoryPath":["C:Manufacturing","30:Manufacture of other transport equipment","302:Manufacture of railway locomotives and rolling stock","3020:Manufacture of railway locomotives and rolling stock"],"processType":"LCI_RESULT","location":"RoW"},"flow":{"@type":"Flow","@id":"03328d71-c84e-358e-ac39-1e6a187c621e","name":"train, passenger, regional | train production, passenger, regional","categoryPath":["C:Manufacturing","30:Manufacture of other transport equipment","302:Manufacture of railway locomotives and rolling stock","3020:Manufacture of railway locomotives and rolling stock"],"flowType":"PRODUCT_FLOW","location":"RoW","refUnit":"Item(s)"},"unit":{"@type":"Unit","@id":"6dabe201-aaac-4509-92f0-d00c26cb72ab","name":"Item(s)"},"flowProperty":{"@type":"FlowProperty","@id":"01846770-4cfe-4a25-8ad9-919d8d378345","name":"Number of items","categoryPath":["Technical flow properties"]}}]}