{"@context":"http://greendelta.github.io/olca-schema/context.jsonld","@type":"Process","@id":"2d4d3aa1-9dd2-4d65-8e3e-4967641eff89","name":"Pavement","description":"","version":"00.00.004","lastChange":"2020-04-25T20:29:49.407+02:00","category":{"@type":"Category","@id":"379e002d-edb2-344a-bf14-aa144c6a9769","name":"Infrastructure","categoryPath":["Conseq_FFES_Paris"],"categoryType":"Process"},"processType":"UNIT_PROCESS","infrastructureProcess":false,"processDocumentation":{"@type":"ProcessDocumentation","copyright":false,"creationDate":"2019-09-19T16:43:21.119+02:00"},"lastInternalId":5,"exchanges":[{"@type":"Exchange","avoidedProduct":false,"input":false,"amount":1.0,"internalId":1,"flow":{"@type":"Flow","@id":"799c0a1f-1cda-4c47-8a71-278492f28494","name":"Pavement","flowType":"PRODUCT_FLOW","refUnit":"Item(s)"},"unit":{"@type":"Unit","@id":"6dabe201-aaac-4509-92f0-d00c26cb72ab","name":"Item(s)"},"flowProperty":{"@type":"FlowProperty","@id":"01846770-4cfe-4a25-8ad9-919d8d378345","name":"Number of items","categoryPath":["Technical flow properties"]},"quantitativeReference":true},{"@type":"Exchange","avoidedProduct":false,"input":true,"amount":10.68109333,"internalId":3,"flow":{"@type":"Flow","@id":"ed30309c-ebc9-4a46-a0e9-6fac8f686320","name":"Hot Mix Asphalt manufacture FR","flowType":"PRODUCT_FLOW","refUnit":"kg"},"unit":{"@type":"Unit","@id":"20aadc24-a391-41cf-b340-3e4529f44bde","name":"kg"},"flowProperty":{"@type":"FlowProperty","@id":"93a60a56-a3c8-11da-a746-0800200b9a66","name":"Mass","categoryPath":["Technical flow properties"]}},{"@type":"Exchange","avoidedProduct":false,"input":true,"amount":17.71133333,"internalId":5,"defaultProvider":{"@type":"Process","@id":"65b0b437-961f-3864-8900-530c1a9faf08","name":"market for gravel, crushed | gravel, crushed | conseq. long-term, S","categoryPath":["B:Mining and quarrying","08:Other mining and quarrying","081:Quarrying of stone, sand and clay","0810:Quarrying of stone, sand and clay"],"processType":"LCI_RESULT","location":"GLO"},"flow":{"@type":"Flow","@id":"995175c7-6a95-32ce-8407-f73e497d791b","name":"gravel, crushed | market for gravel, crushed","categoryPath":["B:Mining and quarrying","08:Other mining and quarrying","081:Quarrying of stone, sand and clay","0810:Quarrying of stone, sand and clay"],"flowType":"PRODUCT_FLOW","location":"GLO","refUnit":"kg"},"unit":{"@type":"Unit","@id":"20aadc24-a391-41cf-b340-3e4529f44bde","name":"kg"},"flowProperty":{"@type":"FlowProperty","@id":"93a60a56-a3c8-11da-a746-0800200b9a66","name":"Mass","categoryPath":["Technical flow properties"]}},{"@type":"Exchange","avoidedProduct":false,"input":true,"amount":0.705333333,"internalId":4,"defaultProvider":{"@type":"Process","@id":"ff969bea-0dba-3f64-8f22-62506707e9bb","name":"bitumen adhesive compound production, hot | bitumen adhesive compound, hot | conseq. long-term, S","categoryPath":["C:Manufacturing","23:Manufacture of other non-metallic mineral products","239:Manufacture of non-metallic mineral products n.e.c.","2399:Manufacture of other non-metallic mineral products n.e.c."],"processType":"LCI_RESULT","location":"RER"},"flow":{"@type":"Flow","@id":"ee7f6e74-2c18-3951-bf43-9e36d6f554f0","name":"bitumen adhesive compound, hot | bitumen adhesive compound production, hot","categoryPath":["C:Manufacturing","23:Manufacture of other non-metallic mineral products","239:Manufacture of non-metallic mineral products n.e.c.","2399:Manufacture of other non-metallic mineral products n.e.c."],"flowType":"PRODUCT_FLOW","location":"RER","refUnit":"kg"},"unit":{"@type":"Unit","@id":"20aadc24-a391-41cf-b340-3e4529f44bde","name":"kg"},"flowProperty":{"@type":"FlowProperty","@id":"93a60a56-a3c8-11da-a746-0800200b9a66","name":"Mass","categoryPath":["Technical flow properties"]}},{"@type":"Exchange","avoidedProduct":false,"input":true,"amount":0.672346667,"internalId":2,"defaultProvider":{"@type":"Process","@id":"e34e5719-c2e0-3ef3-bc5f-a24eb6d16080","name":"market for transport, freight, lorry 16-32 metric ton, EURO4 | transport, freight, lorry 16-32 metric ton, EURO4 | conseq. long-term, S","categoryPath":["H:Transportation and storage","49:Land transport and transport via pipelines","492:Other land transport","4923:Freight transport by road"],"processType":"LCI_RESULT","location":"GLO"},"flow":{"@type":"Flow","@id":"1828bcbc-2ff2-357d-93e0-878526a6ce84","name":"transport, freight, lorry 16-32 metric ton, EURO4 | market for transport, freight, lorry 16-32 metric ton, EURO4","categoryPath":["H:Transportation and storage","49:Land transport and transport via pipelines","492:Other land transport","4923:Freight transport by road"],"flowType":"PRODUCT_FLOW","location":"GLO","refUnit":"t*km"},"unit":{"@type":"Unit","@id":"0dea4ed8-bb6b-4049-b2b4-b2c413ef2180","name":"t*km"},"flowProperty":{"@type":"FlowProperty","@id":"838aaa20-0117-11db-92e3-0800200c9a66","name":"Goods transport (mass*distance)","categoryPath":["Technical flow properties"]}}]}