{"@context":"http://greendelta.github.io/olca-schema/context.jsonld","@type":"Process","@id":"3482c97c-3726-4b67-9df9-948f3da90d1b","name":"Streetcar_1Unit","description":"","version":"00.00.005","lastChange":"2019-11-14T20:16:28.980+01:00","category":{"@type":"Category","@id":"d904ed1a-f0bb-3ac3-a57b-eaa017765169","name":"Vehicles","categoryPath":["Conseq_FFES_Paris"],"categoryType":"Process"},"processType":"UNIT_PROCESS","infrastructureProcess":false,"processDocumentation":{"@type":"ProcessDocumentation","copyright":false,"creationDate":"2019-09-13T15:14:21.619+02:00"},"lastInternalId":4,"exchanges":[{"@type":"Exchange","avoidedProduct":false,"input":false,"amount":1.0,"internalId":1,"flow":{"@type":"Flow","@id":"b7a1d7d9-ec80-4586-9c51-b89014c2ba9b","name":"Streetcar_1Unit","flowType":"PRODUCT_FLOW","refUnit":"Item(s)"},"unit":{"@type":"Unit","@id":"6dabe201-aaac-4509-92f0-d00c26cb72ab","name":"Item(s)"},"flowProperty":{"@type":"FlowProperty","@id":"01846770-4cfe-4a25-8ad9-919d8d378345","name":"Number of items","categoryPath":["Technical flow properties"]},"quantitativeReference":true},{"@type":"Exchange","avoidedProduct":false,"input":true,"amount":2.4761904761904763,"amountFormula":"52/21","internalId":2,"defaultProvider":{"@type":"Process","@id":"755d2fde-3d45-35fd-9392-1945b7468a88","name":"tram production | tram | conseq. long-term, S","categoryPath":["C:Manufacturing","30:Manufacture of other transport equipment","302:Manufacture of railway locomotives and rolling stock","3020:Manufacture of railway locomotives and rolling stock"],"processType":"LCI_RESULT","location":"RER"},"flow":{"@type":"Flow","@id":"05383fda-457c-3892-9bc0-7990484f4237","name":"tram | tram production","categoryPath":["C:Manufacturing","30:Manufacture of other transport equipment","302:Manufacture of railway locomotives and rolling stock","3020:Manufacture of railway locomotives and rolling stock"],"flowType":"PRODUCT_FLOW","location":"RER","refUnit":"Item(s)"},"unit":{"@type":"Unit","@id":"6dabe201-aaac-4509-92f0-d00c26cb72ab","name":"Item(s)"},"flowProperty":{"@type":"FlowProperty","@id":"01846770-4cfe-4a25-8ad9-919d8d378345","name":"Number of items","categoryPath":["Technical flow properties"]}},{"@type":"Exchange","avoidedProduct":false,"input":true,"amount":2.4761904761904763,"amountFormula":"52/21","internalId":3,"defaultProvider":{"@type":"Process","@id":"34737df8-2d39-32bd-8ff2-916508b2bfff","name":"maintenance, tram | maintenance, tram | conseq. long-term, S","categoryPath":["C:Manufacturing","33:Repair and installation of machinery and equipment","331:Repair of fabricated metal products, machinery and equipment","3315:Repair of transport equipment, except motor vehicles"],"processType":"LCI_RESULT","location":"RoW"},"flow":{"@type":"Flow","@id":"334b38bd-dd69-3ab2-869d-4e89583278b9","name":"maintenance, tram | maintenance, tram","categoryPath":["C:Manufacturing","33:Repair and installation of machinery and equipment","331:Repair of fabricated metal products, machinery and equipment","3315:Repair of transport equipment, except motor vehicles"],"flowType":"PRODUCT_FLOW","location":"RoW","refUnit":"Item(s)"},"unit":{"@type":"Unit","@id":"6dabe201-aaac-4509-92f0-d00c26cb72ab","name":"Item(s)"},"flowProperty":{"@type":"FlowProperty","@id":"01846770-4cfe-4a25-8ad9-919d8d378345","name":"Number of items","categoryPath":["Technical flow properties"]}}]}