{"@context":"http://greendelta.github.io/olca-schema/context.jsonld","@type":"Process","@id":"46bd76d2-df2f-4a85-9dae-a3acde79523a","name":"Taxi_ride_hailing_1Unit","description":"","version":"00.00.007","lastChange":"2019-11-14T20:11:38.179+01:00","category":{"@type":"Category","@id":"d904ed1a-f0bb-3ac3-a57b-eaa017765169","name":"Vehicles","categoryPath":["Conseq_FFES_Paris"],"categoryType":"Process"},"processType":"UNIT_PROCESS","infrastructureProcess":false,"processDocumentation":{"@type":"ProcessDocumentation","copyright":false,"creationDate":"2019-09-13T15:12:04.043+02:00"},"lastInternalId":11,"exchanges":[{"@type":"Exchange","avoidedProduct":false,"input":false,"amount":1.0,"internalId":1,"flow":{"@type":"Flow","@id":"897fa3ab-7db1-4771-9290-161d1db03a60","name":"Taxi_ride_hailing_1Unit","flowType":"PRODUCT_FLOW","refUnit":"Item(s)"},"unit":{"@type":"Unit","@id":"6dabe201-aaac-4509-92f0-d00c26cb72ab","name":"Item(s)"},"flowProperty":{"@type":"FlowProperty","@id":"01846770-4cfe-4a25-8ad9-919d8d378345","name":"Number of items","categoryPath":["Technical flow properties"]},"quantitativeReference":true},{"@type":"Exchange","avoidedProduct":false,"input":true,"amount":98.00000000000001,"amountFormula":"0.07*1400","internalId":5,"defaultProvider":{"@type":"Process","@id":"769aa2a4-a871-3f78-9ee2-1c71ebb25f09","name":"passenger car production, petrol/natural gas | passenger car, petrol/natural gas | conseq. long-term, S","categoryPath":["C:Manufacturing","29:Manufacture of motor vehicles, trailers and semi-trailers","291:Manufacture of motor vehicles","2910:Manufacture of motor vehicles"],"processType":"LCI_RESULT","location":"GLO"},"flow":{"@type":"Flow","@id":"8c78e8b1-ce63-392b-ba9d-64db618af7e7","name":"passenger car, petrol/natural gas | passenger car production, petrol/natural gas","categoryPath":["C:Manufacturing","29:Manufacture of motor vehicles, trailers and semi-trailers","291:Manufacture of motor vehicles","2910:Manufacture of motor vehicles"],"flowType":"PRODUCT_FLOW","location":"GLO","refUnit":"kg"},"unit":{"@type":"Unit","@id":"20aadc24-a391-41cf-b340-3e4529f44bde","name":"kg"},"flowProperty":{"@type":"FlowProperty","@id":"93a60a56-a3c8-11da-a746-0800200b9a66","name":"Mass","categoryPath":["Technical flow properties"]}},{"@type":"Exchange","avoidedProduct":false,"input":true,"amount":27.5,"amountFormula":"0.11*250","internalId":6,"defaultProvider":{"@type":"Process","@id":"e76a393f-8ebf-3829-b6a1-e8b4176e17fb","name":"market for battery cell, Li-ion | battery cell, Li-ion | conseq. long-term, S","categoryPath":["C:Manufacturing","27:Manufacture of electrical equipment","272:Manufacture of batteries and accumulators","2720:Manufacture of batteries and accumulators"],"processType":"LCI_RESULT","location":"GLO"},"flow":{"@type":"Flow","@id":"58f69994-ec35-3cae-8f25-25795857a2ac","name":"battery cell, Li-ion | market for battery cell, Li-ion","categoryPath":["C:Manufacturing","27:Manufacture of electrical equipment","272:Manufacture of batteries and accumulators","2720:Manufacture of batteries and accumulators"],"flowType":"PRODUCT_FLOW","location":"GLO","refUnit":"kg"},"unit":{"@type":"Unit","@id":"20aadc24-a391-41cf-b340-3e4529f44bde","name":"kg"},"flowProperty":{"@type":"FlowProperty","@id":"93a60a56-a3c8-11da-a746-0800200b9a66","name":"Mass","categoryPath":["Technical flow properties"]}},{"@type":"Exchange","avoidedProduct":false,"input":true,"amount":154.0,"amountFormula":"0.11*1400","internalId":4,"defaultProvider":{"@type":"Process","@id":"e1302bb8-0344-3878-b256-83881f8165d5","name":"passenger car production, electric, without battery | passenger car, electric, without battery | conseq. long-term, S","categoryPath":["C:Manufacturing","29:Manufacture of motor vehicles, trailers and semi-trailers","291:Manufacture of motor vehicles","2910:Manufacture of motor vehicles"],"processType":"LCI_RESULT","location":"GLO"},"flow":{"@type":"Flow","@id":"80ba2a47-a54b-3129-aed6-bdeb3165f741","name":"passenger car, electric, without battery | passenger car production, electric, without battery","categoryPath":["C:Manufacturing","29:Manufacture of motor vehicles, trailers and semi-trailers","291:Manufacture of motor vehicles","2910:Manufacture of motor vehicles"],"flowType":"PRODUCT_FLOW","location":"GLO","refUnit":"kg"},"unit":{"@type":"Unit","@id":"20aadc24-a391-41cf-b340-3e4529f44bde","name":"kg"},"flowProperty":{"@type":"FlowProperty","@id":"93a60a56-a3c8-11da-a746-0800200b9a66","name":"Mass","categoryPath":["Technical flow properties"]}},{"@type":"Exchange","avoidedProduct":false,"input":true,"amount":1148.0,"amountFormula":"0.82*1400","internalId":3,"defaultProvider":{"@type":"Process","@id":"6da5d65e-60d3-3307-91e8-b69e353eb512","name":"passenger car production, diesel | passenger car, diesel | conseq. long-term, S","categoryPath":["C:Manufacturing","29:Manufacture of motor vehicles, trailers and semi-trailers","291:Manufacture of motor vehicles","2910:Manufacture of motor vehicles"],"processType":"LCI_RESULT","location":"GLO"},"flow":{"@type":"Flow","@id":"8044aa04-8957-39a0-b1bd-175bb13a9510","name":"passenger car, diesel | passenger car production, diesel","categoryPath":["C:Manufacturing","29:Manufacture of motor vehicles, trailers and semi-trailers","291:Manufacture of motor vehicles","2910:Manufacture of motor vehicles"],"flowType":"PRODUCT_FLOW","location":"GLO","refUnit":"kg"},"unit":{"@type":"Unit","@id":"20aadc24-a391-41cf-b340-3e4529f44bde","name":"kg"},"flowProperty":{"@type":"FlowProperty","@id":"93a60a56-a3c8-11da-a746-0800200b9a66","name":"Mass","categoryPath":["Technical flow properties"]}},{"@type":"Exchange","avoidedProduct":false,"input":true,"amount":0.11,"internalId":8,"defaultProvider":{"@type":"Process","@id":"f371d15c-d440-3769-bb7e-0c11b3698579","name":"maintenance, passenger car, electric, without battery | maintenance, passenger car, electric, without battery | conseq. long-term, S","categoryPath":["G:Wholesale and retail trade; repair of motor vehicles and motorcycles","45:Wholesale and retail trade and repair of motor vehicles and motorcycles","452:Maintenance and repair of motor vehicles","4520:Maintenance and repair of motor vehicles"],"processType":"LCI_RESULT","location":"GLO"},"flow":{"@type":"Flow","@id":"d03f13bc-47db-3256-9a17-fb672936ad76","name":"maintenance, passenger car, electric, without battery | maintenance, passenger car, electric, without battery","categoryPath":["G:Wholesale and retail trade; repair of motor vehicles and motorcycles","45:Wholesale and retail trade and repair of motor vehicles and motorcycles","452:Maintenance and repair of motor vehicles","4520:Maintenance and repair of motor vehicles"],"flowType":"PRODUCT_FLOW","location":"GLO","refUnit":"Item(s)"},"unit":{"@type":"Unit","@id":"6dabe201-aaac-4509-92f0-d00c26cb72ab","name":"Item(s)"},"flowProperty":{"@type":"FlowProperty","@id":"01846770-4cfe-4a25-8ad9-919d8d378345","name":"Number of items","categoryPath":["Technical flow properties"]}},{"@type":"Exchange","avoidedProduct":false,"input":true,"amount":-27.5,"amountFormula":"-0.11*250","internalId":9,"defaultProvider":{"@type":"Process","@id":"b4bcb81a-a20b-3d0a-9a6c-58e6f7525c34","name":"market for used Li-ion battery | used Li-ion battery | conseq. long-term, S","categoryPath":["E:Water supply; sewerage, waste management and remediation activities","38:Waste collection, treatment and disposal activities; materials recovery","383:Materials recovery","3830:Materials recovery"],"processType":"LCI_RESULT","location":"GLO"},"flow":{"@type":"Flow","@id":"bac470d9-4d5a-3599-9009-95581a16a612","name":"used Li-ion battery | market for used Li-ion battery","categoryPath":["E:Water supply; sewerage, waste management and remediation activities","38:Waste collection, treatment and disposal activities; materials recovery","383:Materials recovery","3830:Materials recovery"],"flowType":"PRODUCT_FLOW","location":"GLO","refUnit":"kg"},"unit":{"@type":"Unit","@id":"20aadc24-a391-41cf-b340-3e4529f44bde","name":"kg"},"flowProperty":{"@type":"FlowProperty","@id":"93a60a56-a3c8-11da-a746-0800200b9a66","name":"Mass","categoryPath":["Technical flow properties"]}},{"@type":"Exchange","avoidedProduct":false,"input":true,"amount":0.8899999999999999,"amountFormula":"0.82+0.07","internalId":7,"defaultProvider":{"@type":"Process","@id":"2964d27f-a8b2-3014-91d3-f5548d7260b1","name":"maintenance, passenger car | passenger car maintenance | conseq. long-term, S","categoryPath":["G:Wholesale and retail trade; repair of motor vehicles and motorcycles","45:Wholesale and retail trade and repair of motor vehicles and motorcycles","452:Maintenance and repair of motor vehicles","4520:Maintenance and repair of motor vehicles"],"processType":"LCI_RESULT","location":"RER"},"flow":{"@type":"Flow","@id":"ca8b1856-f364-3334-9d0d-98990a6b6597","name":"passenger car maintenance | maintenance, passenger car","categoryPath":["G:Wholesale and retail trade; repair of motor vehicles and motorcycles","45:Wholesale and retail trade and repair of motor vehicles and motorcycles","452:Maintenance and repair of motor vehicles","4520:Maintenance and repair of motor vehicles"],"flowType":"PRODUCT_FLOW","location":"RER","refUnit":"Item(s)"},"unit":{"@type":"Unit","@id":"6dabe201-aaac-4509-92f0-d00c26cb72ab","name":"Item(s)"},"flowProperty":{"@type":"FlowProperty","@id":"01846770-4cfe-4a25-8ad9-919d8d378345","name":"Number of items","categoryPath":["Technical flow properties"]}}]}