{"@context":"http://greendelta.github.io/olca-schema/context.jsonld","@type":"Process","@id":"51ae6eea-8ce5-469f-8cd9-67d2771d175a","name":"Sidewalk","description":"","version":"00.00.004","lastChange":"2020-04-25T20:30:39.088+02:00","category":{"@type":"Category","@id":"379e002d-edb2-344a-bf14-aa144c6a9769","name":"Infrastructure","categoryPath":["Conseq_FFES_Paris"],"categoryType":"Process"},"processType":"UNIT_PROCESS","infrastructureProcess":false,"processDocumentation":{"@type":"ProcessDocumentation","timeDescription":"1 m2 de trottoir, 15 cm de graves (60 ans de durée de vie) + 2.5 cm d\u0027enrobé coulé à 10% de liant (20 ans de durée de vie)","copyright":false,"creationDate":"2019-10-29T20:01:23.187+01:00"},"lastInternalId":5,"exchanges":[{"@type":"Exchange","avoidedProduct":false,"input":false,"amount":1.0,"internalId":1,"flow":{"@type":"Flow","@id":"8367146d-4081-4ece-b2b4-385af20cc450","name":"Sidewalk","flowType":"PRODUCT_FLOW","refUnit":"Item(s)"},"unit":{"@type":"Unit","@id":"6dabe201-aaac-4509-92f0-d00c26cb72ab","name":"Item(s)"},"flowProperty":{"@type":"FlowProperty","@id":"01846770-4cfe-4a25-8ad9-919d8d378345","name":"Number of items","categoryPath":["Technical flow properties"]},"quantitativeReference":true},{"@type":"Exchange","avoidedProduct":false,"input":true,"amount":0.2875,"internalId":2,"defaultProvider":{"@type":"Process","@id":"58f85140-f263-314c-96fe-2b38e1734b9f","name":"mastic asphalt production | mastic asphalt | conseq. long-term, S","categoryPath":["C:Manufacturing","23:Manufacture of other non-metallic mineral products","239:Manufacture of non-metallic mineral products n.e.c.","2399:Manufacture of other non-metallic mineral products n.e.c."],"processType":"LCI_RESULT","location":"CH"},"flow":{"@type":"Flow","@id":"8884f443-0c72-37db-a5ca-bf5bd5876974","name":"mastic asphalt | mastic asphalt production","categoryPath":["C:Manufacturing","23:Manufacture of other non-metallic mineral products","239:Manufacture of non-metallic mineral products n.e.c.","2399:Manufacture of other non-metallic mineral products n.e.c."],"flowType":"PRODUCT_FLOW","location":"CH","refUnit":"kg"},"unit":{"@type":"Unit","@id":"20aadc24-a391-41cf-b340-3e4529f44bde","name":"kg"},"flowProperty":{"@type":"FlowProperty","@id":"93a60a56-a3c8-11da-a746-0800200b9a66","name":"Mass","categoryPath":["Technical flow properties"]}},{"@type":"Exchange","avoidedProduct":false,"input":true,"amount":0.2855625,"internalId":4,"defaultProvider":{"@type":"Process","@id":"e34e5719-c2e0-3ef3-bc5f-a24eb6d16080","name":"market for transport, freight, lorry 16-32 metric ton, EURO4 | transport, freight, lorry 16-32 metric ton, EURO4 | conseq. long-term, S","categoryPath":["H:Transportation and storage","49:Land transport and transport via pipelines","492:Other land transport","4923:Freight transport by road"],"processType":"LCI_RESULT","location":"GLO"},"flow":{"@type":"Flow","@id":"1828bcbc-2ff2-357d-93e0-878526a6ce84","name":"transport, freight, lorry 16-32 metric ton, EURO4 | market for transport, freight, lorry 16-32 metric ton, EURO4","categoryPath":["H:Transportation and storage","49:Land transport and transport via pipelines","492:Other land transport","4923:Freight transport by road"],"flowType":"PRODUCT_FLOW","location":"GLO","refUnit":"t*km"},"unit":{"@type":"Unit","@id":"0dea4ed8-bb6b-4049-b2b4-b2c413ef2180","name":"t*km"},"flowProperty":{"@type":"FlowProperty","@id":"838aaa20-0117-11db-92e3-0800200c9a66","name":"Goods transport (mass*distance)","categoryPath":["Technical flow properties"]}},{"@type":"Exchange","avoidedProduct":false,"input":true,"amount":1.2875,"internalId":5,"flow":{"@type":"Flow","@id":"ed30309c-ebc9-4a46-a0e9-6fac8f686320","name":"Hot Mix Asphalt manufacture FR","flowType":"PRODUCT_FLOW","refUnit":"kg"},"unit":{"@type":"Unit","@id":"20aadc24-a391-41cf-b340-3e4529f44bde","name":"kg"},"flowProperty":{"@type":"FlowProperty","@id":"93a60a56-a3c8-11da-a746-0800200b9a66","name":"Mass","categoryPath":["Technical flow properties"]}},{"@type":"Exchange","avoidedProduct":false,"input":true,"amount":6.4375,"internalId":3,"defaultProvider":{"@type":"Process","@id":"f4feb133-d499-3e7f-b30e-a9c515030fec","name":"gravel production, crushed | gravel, crushed | conseq. long-term, S","categoryPath":["B:Mining and quarrying","08:Other mining and quarrying","081:Quarrying of stone, sand and clay","0810:Quarrying of stone, sand and clay"],"processType":"LCI_RESULT","location":"CH"},"flow":{"@type":"Flow","@id":"7256ee36-feb5-319b-bdd5-32f50fe59b4c","name":"gravel, crushed | gravel production, crushed","categoryPath":["B:Mining and quarrying","08:Other mining and quarrying","081:Quarrying of stone, sand and clay","0810:Quarrying of stone, sand and clay"],"flowType":"PRODUCT_FLOW","location":"CH","refUnit":"kg"},"unit":{"@type":"Unit","@id":"20aadc24-a391-41cf-b340-3e4529f44bde","name":"kg"},"flowProperty":{"@type":"FlowProperty","@id":"93a60a56-a3c8-11da-a746-0800200b9a66","name":"Mass","categoryPath":["Technical flow properties"]}}]}