{"@context":"http://greendelta.github.io/olca-schema/context.jsonld","@type":"Process","@id":"58fad84e-783c-4ea4-a494-d8a62e8b8bc5","name":"Personal_ES_UStage_1pkm","description":"","version":"00.00.003","lastChange":"2019-11-19T20:31:59.412+01:00","category":{"@type":"Category","@id":"8e07bbe3-0c50-38e9-aba7-7b98e4cf47aa","name":"UStage","categoryPath":["Conseq_FFES_Paris"],"categoryType":"Process"},"processType":"UNIT_PROCESS","infrastructureProcess":false,"processDocumentation":{"@type":"ProcessDocumentation","copyright":false,"creationDate":"2019-09-19T15:52:27.897+02:00"},"lastInternalId":2,"exchanges":[{"@type":"Exchange","avoidedProduct":false,"input":false,"amount":1.0,"internalId":1,"flow":{"@type":"Flow","@id":"b25f42e1-24f4-4008-91f2-35ce91f0d38b","name":"Personal_ES_UStage_1km","flowType":"PRODUCT_FLOW","refUnit":"Item(s)"},"unit":{"@type":"Unit","@id":"6dabe201-aaac-4509-92f0-d00c26cb72ab","name":"Item(s)"},"flowProperty":{"@type":"FlowProperty","@id":"01846770-4cfe-4a25-8ad9-919d8d378345","name":"Number of items","categoryPath":["Technical flow properties"]},"quantitativeReference":true},{"@type":"Exchange","avoidedProduct":false,"input":true,"amount":0.01675,"amountFormula":"0.335/20","internalId":2,"defaultProvider":{"@type":"Process","@id":"05de326d-9eb6-3cb5-ba4f-b1bdf988ebee","name":"market for electricity, high voltage | electricity, high voltage | conseq. long-term, S","categoryPath":["D:Electricity, gas, steam and air conditioning supply","35:Electricity, gas, steam and air conditioning supply","351:Electric power generation, transmission and distribution","3510:Electric power generation, transmission and distribution"],"processType":"LCI_RESULT","location":"FR"},"flow":{"@type":"Flow","@id":"0983324c-fbac-3da3-8326-0b63fd873eab","name":"electricity, high voltage | market for electricity, high voltage","categoryPath":["D:Electricity, gas, steam and air conditioning supply","35:Electricity, gas, steam and air conditioning supply","351:Electric power generation, transmission and distribution","3510:Electric power generation, transmission and distribution"],"flowType":"PRODUCT_FLOW","location":"FR","refUnit":"MJ"},"unit":{"@type":"Unit","@id":"86ad2244-1f0e-4912-af53-7865283103e4","name":"kWh"},"flowProperty":{"@type":"FlowProperty","@id":"f6811440-ee37-11de-8a39-0800200c9a66","name":"Energy","categoryPath":["Technical flow properties"]}}]}