{"@context":"http://greendelta.github.io/olca-schema/context.jsonld","@type":"Process","@id":"5d2db8a3-2396-407b-a56e-bcb5f5a9fc0e","name":"Bus_1Unit","description":"","version":"00.00.005","lastChange":"2019-11-14T17:19:21.564+01:00","category":{"@type":"Category","@id":"d904ed1a-f0bb-3ac3-a57b-eaa017765169","name":"Vehicles","categoryPath":["Conseq_FFES_Paris"],"categoryType":"Process"},"processType":"UNIT_PROCESS","infrastructureProcess":false,"processDocumentation":{"@type":"ProcessDocumentation","copyright":false,"creationDate":"2019-09-13T15:12:36.916+02:00"},"lastInternalId":4,"exchanges":[{"@type":"Exchange","avoidedProduct":false,"input":false,"amount":1.0,"internalId":1,"flow":{"@type":"Flow","@id":"8a0ff155-e3aa-429a-8c15-0aa396e5880e","name":"Bus_1Unit","flowType":"PRODUCT_FLOW","refUnit":"Item(s)"},"unit":{"@type":"Unit","@id":"6dabe201-aaac-4509-92f0-d00c26cb72ab","name":"Item(s)"},"flowProperty":{"@type":"FlowProperty","@id":"01846770-4cfe-4a25-8ad9-919d8d378345","name":"Number of items","categoryPath":["Technical flow properties"]},"quantitativeReference":true},{"@type":"Exchange","avoidedProduct":false,"input":true,"amount":1.0,"internalId":3,"defaultProvider":{"@type":"Process","@id":"d2f74d75-e101-36a3-8c82-aba4a5905b48","name":"maintenance, bus | maintenance, bus | conseq. long-term, S","categoryPath":["G:Wholesale and retail trade; repair of motor vehicles and motorcycles","45:Wholesale and retail trade and repair of motor vehicles and motorcycles","452:Maintenance and repair of motor vehicles","4520:Maintenance and repair of motor vehicles"],"processType":"LCI_RESULT","location":"RoW"},"flow":{"@type":"Flow","@id":"50efd463-1d93-3885-8e59-6e446e02e842","name":"maintenance, bus | maintenance, bus","categoryPath":["G:Wholesale and retail trade; repair of motor vehicles and motorcycles","45:Wholesale and retail trade and repair of motor vehicles and motorcycles","452:Maintenance and repair of motor vehicles","4520:Maintenance and repair of motor vehicles"],"flowType":"PRODUCT_FLOW","location":"RoW","refUnit":"Item(s)"},"unit":{"@type":"Unit","@id":"6dabe201-aaac-4509-92f0-d00c26cb72ab","name":"Item(s)"},"flowProperty":{"@type":"FlowProperty","@id":"01846770-4cfe-4a25-8ad9-919d8d378345","name":"Number of items","categoryPath":["Technical flow properties"]}},{"@type":"Exchange","avoidedProduct":false,"input":true,"amount":1.0,"internalId":2,"defaultProvider":{"@type":"Process","@id":"bfc4a016-7f6f-3e94-9d24-c59df5e73833","name":"bus production | bus | conseq. long-term, S","categoryPath":["C:Manufacturing","29:Manufacture of motor vehicles, trailers and semi-trailers","291:Manufacture of motor vehicles","2910:Manufacture of motor vehicles"],"processType":"LCI_RESULT","location":"RER"},"flow":{"@type":"Flow","@id":"324dae8c-de77-36b6-b378-8cd96c415a49","name":"bus | bus production","categoryPath":["C:Manufacturing","29:Manufacture of motor vehicles, trailers and semi-trailers","291:Manufacture of motor vehicles","2910:Manufacture of motor vehicles"],"flowType":"PRODUCT_FLOW","location":"RER","refUnit":"Item(s)"},"unit":{"@type":"Unit","@id":"6dabe201-aaac-4509-92f0-d00c26cb72ab","name":"Item(s)"},"flowProperty":{"@type":"FlowProperty","@id":"01846770-4cfe-4a25-8ad9-919d8d378345","name":"Number of items","categoryPath":["Technical flow properties"]}}]}