{"@context":"http://greendelta.github.io/olca-schema/context.jsonld","@type":"Process","@id":"620deaae-04b7-4f71-bc38-f481080006c4","name":"Private_car_UStage_1km","description":"","version":"00.00.006","lastChange":"2019-09-19T17:51:23.292+02:00","category":{"@type":"Category","@id":"8e07bbe3-0c50-38e9-aba7-7b98e4cf47aa","name":"UStage","categoryPath":["Conseq_FFES_Paris"],"categoryType":"Process"},"processType":"UNIT_PROCESS","infrastructureProcess":false,"processDocumentation":{"@type":"ProcessDocumentation","copyright":false,"creationDate":"2019-09-19T14:28:05.409+02:00"},"lastInternalId":5,"exchanges":[{"@type":"Exchange","avoidedProduct":false,"input":false,"amount":1.0,"internalId":1,"flow":{"@type":"Flow","@id":"288b8834-8b6f-4855-8168-aaebc5b08b05","name":"Private_car_indirect_UStage_1km","flowType":"PRODUCT_FLOW","refUnit":"Item(s)"},"unit":{"@type":"Unit","@id":"6dabe201-aaac-4509-92f0-d00c26cb72ab","name":"Item(s)"},"flowProperty":{"@type":"FlowProperty","@id":"01846770-4cfe-4a25-8ad9-919d8d378345","name":"Number of items","categoryPath":["Technical flow properties"]},"quantitativeReference":true},{"@type":"Exchange","avoidedProduct":false,"input":false,"amount":131.364,"amountFormula":"136*0.39+128.4*0.61","internalId":5,"flow":{"@type":"Flow","@id":"f9749677-9c9f-4678-ab55-c607dfdc2cb9","name":"Carbon dioxide, fossil","categoryPath":["Elementary flows","Emission to air","high population density"],"flowType":"ELEMENTARY_FLOW","refUnit":"kg"},"unit":{"@type":"Unit","@id":"e1317ffc-7f83-4a85-bc65-4fb229a25cf8","name":"g"},"flowProperty":{"@type":"FlowProperty","@id":"93a60a56-a3c8-11da-a746-0800200b9a66","name":"Mass","categoryPath":["Technical flow properties"]}},{"@type":"Exchange","avoidedProduct":false,"input":true,"amount":0.015600000000000001,"amountFormula":"0.04*0.39","internalId":3,"defaultProvider":{"@type":"Process","@id":"26e6b1e7-5158-32bc-9a7e-72e0460859e0","name":"market for petrol, low-sulfur | petrol, low-sulfur | conseq. long-term, S","categoryPath":["C:Manufacturing","19:Manufacture of coke and refined petroleum products","192:Manufacture of refined petroleum products","1920:Manufacture of refined petroleum products"],"processType":"LCI_RESULT","location":"Europe without Switzerland"},"flow":{"@type":"Flow","@id":"dbd30c64-394e-3386-819f-0c918a2ece25","name":"petrol, low-sulfur | market for petrol, low-sulfur","categoryPath":["C:Manufacturing","19:Manufacture of coke and refined petroleum products","192:Manufacture of refined petroleum products","1920:Manufacture of refined petroleum products"],"flowType":"PRODUCT_FLOW","location":"Europe without Switzerland","refUnit":"kg"},"unit":{"@type":"Unit","@id":"20aadc24-a391-41cf-b340-3e4529f44bde","name":"kg"},"flowProperty":{"@type":"FlowProperty","@id":"93a60a56-a3c8-11da-a746-0800200b9a66","name":"Mass","categoryPath":["Technical flow properties"]}},{"@type":"Exchange","avoidedProduct":false,"input":true,"amount":0.0244,"amountFormula":"0.04*.61","internalId":2,"defaultProvider":{"@type":"Process","@id":"c83447f6-e2a6-3c20-9bba-a0f47fe3d91b","name":"market group for diesel, low-sulfur | diesel, low-sulfur | conseq. long-term, S","categoryPath":["C:Manufacturing","19:Manufacture of coke and refined petroleum products","192:Manufacture of refined petroleum products","1920:Manufacture of refined petroleum products"],"processType":"LCI_RESULT","location":"RER"},"flow":{"@type":"Flow","@id":"12abcefd-300f-38af-9482-0002e79a30ed","name":"diesel, low-sulfur | market group for diesel, low-sulfur","categoryPath":["C:Manufacturing","19:Manufacture of coke and refined petroleum products","192:Manufacture of refined petroleum products","1920:Manufacture of refined petroleum products"],"flowType":"PRODUCT_FLOW","location":"RER","refUnit":"kg"},"unit":{"@type":"Unit","@id":"20aadc24-a391-41cf-b340-3e4529f44bde","name":"kg"},"flowProperty":{"@type":"FlowProperty","@id":"93a60a56-a3c8-11da-a746-0800200b9a66","name":"Mass","categoryPath":["Technical flow properties"]}}]}