{"@context":"http://greendelta.github.io/olca-schema/context.jsonld","@type":"Process","@id":"6a631bce-968a-4db3-9445-b45e9bc8b65a","name":"ES_UStage_1pkm","description":"","version":"00.00.003","lastChange":"2019-09-19T15:50:55.635+02:00","category":{"@type":"Category","@id":"8e07bbe3-0c50-38e9-aba7-7b98e4cf47aa","name":"UStage","categoryPath":["Conseq_FFES_Paris"],"categoryType":"Process"},"processType":"UNIT_PROCESS","infrastructureProcess":false,"processDocumentation":{"@type":"ProcessDocumentation","copyright":false,"creationDate":"2019-09-19T15:53:24.929+02:00"},"lastInternalId":3,"exchanges":[{"@type":"Exchange","avoidedProduct":false,"input":false,"amount":1.0,"internalId":1,"flow":{"@type":"Flow","@id":"ef168c0a-a5ed-4016-9cc2-5b943c00e92c","name":"FFES_UStage_1km","flowType":"PRODUCT_FLOW","refUnit":"Item(s)"},"unit":{"@type":"Unit","@id":"6dabe201-aaac-4509-92f0-d00c26cb72ab","name":"Item(s)"},"flowProperty":{"@type":"FlowProperty","@id":"01846770-4cfe-4a25-8ad9-919d8d378345","name":"Number of items","categoryPath":["Technical flow properties"]},"quantitativeReference":true},{"@type":"Exchange","avoidedProduct":false,"input":true,"amount":0.01675,"amountFormula":"0.335/20","internalId":3,"defaultProvider":{"@type":"Process","@id":"4ec56133-06f4-3fdc-af22-71c24ac7ff60","name":"market for electricity, low voltage | electricity, low voltage | conseq. long-term, S","categoryPath":["D:Electricity, gas, steam and air conditioning supply","35:Electricity, gas, steam and air conditioning supply","351:Electric power generation, transmission and distribution","3510:Electric power generation, transmission and distribution"],"processType":"LCI_RESULT","location":"FR"},"flow":{"@type":"Flow","@id":"bd8e05a0-47c4-3200-8b77-8077a373adf4","name":"electricity, low voltage | market for electricity, low voltage","categoryPath":["D:Electricity, gas, steam and air conditioning supply","35:Electricity, gas, steam and air conditioning supply","351:Electric power generation, transmission and distribution","3510:Electric power generation, transmission and distribution"],"flowType":"PRODUCT_FLOW","location":"FR","refUnit":"MJ"},"unit":{"@type":"Unit","@id":"86ad2244-1f0e-4912-af53-7865283103e4","name":"kWh"},"flowProperty":{"@type":"FlowProperty","@id":"f6811440-ee37-11de-8a39-0800200c9a66","name":"Energy","categoryPath":["Technical flow properties"]}}]}