{"@context":"http://greendelta.github.io/olca-schema/context.jsonld","@type":"Process","@id":"7c6c9b58-211f-4ded-b84a-6be79bf74f00","name":"Streetcar_infra","description":"","version":"00.00.002","lastChange":"2019-10-12T17:56:41.924+02:00","category":{"@type":"Category","@id":"379e002d-edb2-344a-bf14-aa144c6a9769","name":"Infrastructure","categoryPath":["Conseq_FFES_Paris"],"categoryType":"Process"},"processType":"UNIT_PROCESS","infrastructureProcess":false,"processDocumentation":{"@type":"ProcessDocumentation","copyright":false,"creationDate":"2019-09-19T16:46:06.946+02:00"},"lastInternalId":3,"exchanges":[{"@type":"Exchange","avoidedProduct":false,"input":false,"amount":1.0,"internalId":1,"flow":{"@type":"Flow","@id":"6d63a584-a694-46ef-a778-91eb26608308","name":"Streetcar_infra","flowType":"PRODUCT_FLOW","refUnit":"Item(s)"},"unit":{"@type":"Unit","@id":"6dabe201-aaac-4509-92f0-d00c26cb72ab","name":"Item(s)"},"flowProperty":{"@type":"FlowProperty","@id":"01846770-4cfe-4a25-8ad9-919d8d378345","name":"Number of items","categoryPath":["Technical flow properties"]},"quantitativeReference":true},{"@type":"Exchange","avoidedProduct":false,"input":true,"amount":1.0,"internalId":3,"defaultProvider":{"@type":"Process","@id":"a3c97456-7df1-35aa-99a0-71e32cb1a794","name":"tram track construction | tram track | conseq. long-term, S","categoryPath":["F:Construction","42:Civil engineering","421:Construction of roads and railways","4210:Construction of roads and railways"],"processType":"LCI_RESULT","location":"CH"},"flow":{"@type":"Flow","@id":"8f256fe2-3205-3781-a01a-823b1b9305a3","name":"tram track | tram track construction","categoryPath":["F:Construction","42:Civil engineering","421:Construction of roads and railways","4210:Construction of roads and railways"],"flowType":"PRODUCT_FLOW","location":"CH","refUnit":"m*a"},"unit":{"@type":"Unit","@id":"f7fe0af2-e764-4984-bb9f-2cbff6cd2f18","name":"m*a"},"flowProperty":{"@type":"FlowProperty","@id":"b7ffb330-95a8-4815-a78c-47fcdee3b768","name":"Length*time","categoryPath":["Technical flow properties"]}}]}