{"@context":"http://greendelta.github.io/olca-schema/context.jsonld","@type":"Process","@id":"7e763362-7720-4d9e-b0a5-1372cfbdf79a","name":"ES_1Unit","description":"","version":"00.00.004","lastChange":"2020-04-19T15:07:12.007+02:00","category":{"@type":"Category","@id":"d904ed1a-f0bb-3ac3-a57b-eaa017765169","name":"Vehicles","categoryPath":["Conseq_FFES_Paris"],"categoryType":"Process"},"processType":"UNIT_PROCESS","infrastructureProcess":false,"processDocumentation":{"@type":"ProcessDocumentation","copyright":false,"creationDate":"2019-09-19T16:47:50.910+02:00"},"lastInternalId":32,"exchanges":[{"@type":"Exchange","avoidedProduct":false,"input":false,"amount":1.0,"internalId":1,"flow":{"@type":"Flow","@id":"d87c1f16-d1f5-4322-bfd9-ccaae42fd8cf","name":"FFES_1Unit","flowType":"PRODUCT_FLOW","refUnit":"Item(s)"},"unit":{"@type":"Unit","@id":"6dabe201-aaac-4509-92f0-d00c26cb72ab","name":"Item(s)"},"flowProperty":{"@type":"FlowProperty","@id":"01846770-4cfe-4a25-8ad9-919d8d378345","name":"Number of items","categoryPath":["Technical flow properties"]},"quantitativeReference":true},{"@type":"Exchange","avoidedProduct":false,"input":true,"amount":0.016,"internalId":13,"defaultProvider":{"@type":"Process","@id":"98892134-e895-346f-b7ff-b892cc63a3a7","name":"light emitting diode production | light emitting diode | conseq. long-term, S","categoryPath":["C:Manufacturing","26:Manufacture of computer, electronic and optical products","261:Manufacture of electronic components and boards","2610:Manufacture of electronic components and boards"],"processType":"LCI_RESULT","location":"GLO"},"flow":{"@type":"Flow","@id":"54c523d9-e665-32ae-bcef-9d46bcd1ba72","name":"light emitting diode | light emitting diode production","categoryPath":["C:Manufacturing","26:Manufacture of computer, electronic and optical products","261:Manufacture of electronic components and boards","2610:Manufacture of electronic components and boards"],"flowType":"PRODUCT_FLOW","location":"GLO","refUnit":"kg"},"unit":{"@type":"Unit","@id":"20aadc24-a391-41cf-b340-3e4529f44bde","name":"kg"},"flowProperty":{"@type":"FlowProperty","@id":"93a60a56-a3c8-11da-a746-0800200b9a66","name":"Mass","categoryPath":["Technical flow properties"]}},{"@type":"Exchange","avoidedProduct":false,"input":true,"amount":-4.5,"internalId":22,"defaultProvider":{"@type":"Process","@id":"b0eb5af6-c179-34a4-8c98-baaf7aae40c5","name":"market for municipal solid waste | municipal solid waste | conseq. long-term, S","categoryPath":["E:Water supply; sewerage, waste management and remediation activities","38:Waste collection, treatment and disposal activities; materials recovery","382:Waste treatment and disposal","3821:Treatment and disposal of non-hazardous waste"],"processType":"LCI_RESULT","location":"RoW"},"flow":{"@type":"Flow","@id":"63b65439-79a6-3df7-ac46-77eb62c8afc6","name":"municipal solid waste | market for municipal solid waste","categoryPath":["E:Water supply; sewerage, waste management and remediation activities","38:Waste collection, treatment and disposal activities; materials recovery","382:Waste treatment and disposal","3821:Treatment and disposal of non-hazardous waste"],"flowType":"PRODUCT_FLOW","location":"RoW","refUnit":"kg"},"unit":{"@type":"Unit","@id":"20aadc24-a391-41cf-b340-3e4529f44bde","name":"kg"},"flowProperty":{"@type":"FlowProperty","@id":"93a60a56-a3c8-11da-a746-0800200b9a66","name":"Mass","categoryPath":["Technical flow properties"]}},{"@type":"Exchange","avoidedProduct":false,"input":true,"amount":1.185,"internalId":19,"defaultProvider":{"@type":"Process","@id":"b7560bfd-f41f-3c12-b5f2-6ac6860a0229","name":"market for synthetic rubber | synthetic rubber | conseq. long-term, S","categoryPath":["C:Manufacturing","20:Manufacture of chemicals and chemical products","201:Manufacture of basic chemicals, fertilizers and nitrogen compounds, plastics and synthetic rubber in primary forms","2013:Manufacture of plastics and synthetic rubber in primary forms"],"processType":"LCI_RESULT","location":"GLO"},"flow":{"@type":"Flow","@id":"e5443065-1106-343b-8223-3a431f21d565","name":"synthetic rubber | market for synthetic rubber","categoryPath":["C:Manufacturing","20:Manufacture of chemicals and chemical products","201:Manufacture of basic chemicals, fertilizers and nitrogen compounds, plastics and synthetic rubber in primary forms","2013:Manufacture of plastics and synthetic rubber in primary forms"],"flowType":"PRODUCT_FLOW","location":"GLO","refUnit":"kg"},"unit":{"@type":"Unit","@id":"20aadc24-a391-41cf-b340-3e4529f44bde","name":"kg"},"flowProperty":{"@type":"FlowProperty","@id":"93a60a56-a3c8-11da-a746-0800200b9a66","name":"Mass","categoryPath":["Technical flow properties"]}},{"@type":"Exchange","avoidedProduct":false,"input":true,"amount":0.059,"internalId":16,"defaultProvider":{"@type":"Process","@id":"f6ca327d-3922-3b7b-a1d8-55df054a0164","name":"printed wiring board production, surface mounted, unspecified, Pb containing | printed wiring board, surface mounted, unspecified, Pb containing | conseq. long-term, S","categoryPath":["C:Manufacturing","26:Manufacture of computer, electronic and optical products","261:Manufacture of electronic components and boards","2610:Manufacture of electronic components and boards"],"processType":"LCI_RESULT","location":"GLO"},"flow":{"@type":"Flow","@id":"04f89442-1fa6-3c73-8d36-0a628d529cfc","name":"printed wiring board, surface mounted, unspecified, Pb containing | printed wiring board production, surface mounted, unspecified, Pb containing","categoryPath":["C:Manufacturing","26:Manufacture of computer, electronic and optical products","261:Manufacture of electronic components and boards","2610:Manufacture of electronic components and boards"],"flowType":"PRODUCT_FLOW","location":"GLO","refUnit":"kg"},"unit":{"@type":"Unit","@id":"20aadc24-a391-41cf-b340-3e4529f44bde","name":"kg"},"flowProperty":{"@type":"FlowProperty","@id":"93a60a56-a3c8-11da-a746-0800200b9a66","name":"Mass","categoryPath":["Technical flow properties"]}},{"@type":"Exchange","avoidedProduct":false,"input":true,"amount":-1.159,"internalId":7,"defaultProvider":{"@type":"Process","@id":"b4bcb81a-a20b-3d0a-9a6c-58e6f7525c34","name":"market for used Li-ion battery | used Li-ion battery | conseq. long-term, S","categoryPath":["E:Water supply; sewerage, waste management and remediation activities","38:Waste collection, treatment and disposal activities; materials recovery","383:Materials recovery","3830:Materials recovery"],"processType":"LCI_RESULT","location":"GLO"},"flow":{"@type":"Flow","@id":"bac470d9-4d5a-3599-9009-95581a16a612","name":"used Li-ion battery | market for used Li-ion battery","categoryPath":["E:Water supply; sewerage, waste management and remediation activities","38:Waste collection, treatment and disposal activities; materials recovery","383:Materials recovery","3830:Materials recovery"],"flowType":"PRODUCT_FLOW","location":"GLO","refUnit":"kg"},"unit":{"@type":"Unit","@id":"20aadc24-a391-41cf-b340-3e4529f44bde","name":"kg"},"flowProperty":{"@type":"FlowProperty","@id":"93a60a56-a3c8-11da-a746-0800200b9a66","name":"Mass","categoryPath":["Technical flow properties"]}},{"@type":"Exchange","avoidedProduct":false,"input":true,"amount":0.744,"internalId":20,"defaultProvider":{"@type":"Process","@id":"56a83497-6aac-3059-9d5e-99b5277e7d41","name":"market for tap water | tap water | conseq. long-term, S","categoryPath":["E:Water supply; sewerage, waste management and remediation activities","36:Water collection, treatment and supply","360:Water collection, treatment and supply","3600:Water collection, treatment and supply"],"processType":"LCI_RESULT","location":"RoW"},"flow":{"@type":"Flow","@id":"d7d610b7-9d3f-31e7-a0fa-4472d556e006","name":"tap water | market for tap water","categoryPath":["E:Water supply; sewerage, waste management and remediation activities","36:Water collection, treatment and supply","360:Water collection, treatment and supply","3600:Water collection, treatment and supply"],"flowType":"PRODUCT_FLOW","location":"RoW","refUnit":"kg"},"unit":{"@type":"Unit","@id":"20aadc24-a391-41cf-b340-3e4529f44bde","name":"kg"},"flowProperty":{"@type":"FlowProperty","@id":"93a60a56-a3c8-11da-a746-0800200b9a66","name":"Mass","categoryPath":["Technical flow properties"]}},{"@type":"Exchange","avoidedProduct":false,"input":true,"amount":1.349,"internalId":17,"defaultProvider":{"@type":"Process","@id":"47f09296-2b2c-3174-80e0-ec8a3c8fbdf5","name":"market for steel, low-alloyed | steel, low-alloyed | conseq. long-term, S","categoryPath":["C:Manufacturing","24:Manufacture of basic metals","241:Manufacture of basic iron and steel","2410:Manufacture of basic iron and steel"],"processType":"LCI_RESULT","location":"GLO"},"flow":{"@type":"Flow","@id":"1b7eddcc-50c4-39e2-9c67-7fe3168e0168","name":"steel, low-alloyed | market for steel, low-alloyed","categoryPath":["C:Manufacturing","24:Manufacture of basic metals","241:Manufacture of basic iron and steel","2410:Manufacture of basic iron and steel"],"flowType":"PRODUCT_FLOW","location":"GLO","refUnit":"kg"},"unit":{"@type":"Unit","@id":"20aadc24-a391-41cf-b340-3e4529f44bde","name":"kg"},"flowProperty":{"@type":"FlowProperty","@id":"93a60a56-a3c8-11da-a746-0800200b9a66","name":"Mass","categoryPath":["Technical flow properties"]}},{"@type":"Exchange","avoidedProduct":false,"input":true,"amount":0.256,"internalId":3,"defaultProvider":{"@type":"Process","@id":"9c223eea-828c-375e-9cb2-a463561be90d","name":"market for aluminium, cast alloy | aluminium, cast alloy | conseq. long-term, S","categoryPath":["C:Manufacturing","24:Manufacture of basic metals","242:Manufacture of basic precious and other non-ferrous metals","2420:Manufacture of basic precious and other non-ferrous metals"],"processType":"LCI_RESULT","location":"GLO"},"flow":{"@type":"Flow","@id":"ae337252-28cb-3e1f-a119-8db9f1fc4836","name":"aluminium, cast alloy | market for aluminium, cast alloy","categoryPath":["C:Manufacturing","24:Manufacture of basic metals","242:Manufacture of basic precious and other non-ferrous metals","2420:Manufacture of basic precious and other non-ferrous metals"],"flowType":"PRODUCT_FLOW","location":"GLO","refUnit":"kg"},"unit":{"@type":"Unit","@id":"20aadc24-a391-41cf-b340-3e4529f44bde","name":"kg"},"flowProperty":{"@type":"FlowProperty","@id":"93a60a56-a3c8-11da-a746-0800200b9a66","name":"Mass","categoryPath":["Technical flow properties"]}},{"@type":"Exchange","avoidedProduct":false,"input":true,"amount":0.274,"amountFormula":"0.266+0.008","internalId":14,"defaultProvider":{"@type":"Process","@id":"6be7d7bb-c7f7-3e00-9b8e-b43900a0af14","name":"market for polycarbonate | polycarbonate | conseq. long-term, S","categoryPath":["C:Manufacturing","20:Manufacture of chemicals and chemical products","201:Manufacture of basic chemicals, fertilizers and nitrogen compounds, plastics and synthetic rubber in primary forms","2013:Manufacture of plastics and synthetic rubber in primary forms"],"processType":"LCI_RESULT","location":"GLO"},"flow":{"@type":"Flow","@id":"35b33604-a582-3a5a-899f-6ef3406240f8","name":"polycarbonate | market for polycarbonate","categoryPath":["C:Manufacturing","20:Manufacture of chemicals and chemical products","201:Manufacture of basic chemicals, fertilizers and nitrogen compounds, plastics and synthetic rubber in primary forms","2013:Manufacture of plastics and synthetic rubber in primary forms"],"flowType":"PRODUCT_FLOW","location":"GLO","refUnit":"kg"},"unit":{"@type":"Unit","@id":"20aadc24-a391-41cf-b340-3e4529f44bde","name":"kg"},"flowProperty":{"@type":"FlowProperty","@id":"93a60a56-a3c8-11da-a746-0800200b9a66","name":"Mass","categoryPath":["Technical flow properties"]}},{"@type":"Exchange","avoidedProduct":false,"input":true,"amount":-7.0E-4,"internalId":23,"defaultProvider":{"@type":"Process","@id":"3d35a5a0-59a1-35dd-9754-b63ff88916ea","name":"market for wastewater, average | wastewater, average | conseq. long-term, S","categoryPath":["E:Water supply; sewerage, waste management and remediation activities","37:Sewerage","370:Sewerage","3700:Sewerage"],"processType":"LCI_RESULT","location":"GLO"},"flow":{"@type":"Flow","@id":"2f289e75-985f-301b-b910-75e6795d627b","name":"wastewater, average | market for wastewater, average","categoryPath":["E:Water supply; sewerage, waste management and remediation activities","37:Sewerage","370:Sewerage","3700:Sewerage"],"flowType":"PRODUCT_FLOW","location":"GLO","refUnit":"m3"},"unit":{"@type":"Unit","@id":"1c3a9695-398d-4b1f-b07e-a8715b610f70","name":"m3"},"flowProperty":{"@type":"FlowProperty","@id":"93a60a56-a3c8-22da-a746-0800200c9a66","name":"Volume","categoryPath":["Technical flow properties"]}},{"@type":"Exchange","avoidedProduct":false,"input":true,"amount":0.385,"internalId":8,"defaultProvider":{"@type":"Process","@id":"b22e1604-6e37-325d-b512-444595fc3af2","name":"charger production, for electric scooter | charger, for electric scooter | conseq. long-term, S","categoryPath":["C:Manufacturing","26:Manufacture of computer, electronic and optical products","261:Manufacture of electronic components and boards","2610:Manufacture of electronic components and boards"],"processType":"LCI_RESULT","location":"GLO"},"flow":{"@type":"Flow","@id":"223ab726-44a8-3bbf-9a37-c189cdfcfa6f","name":"charger, for electric scooter | charger production, for electric scooter","categoryPath":["C:Manufacturing","26:Manufacture of computer, electronic and optical products","261:Manufacture of electronic components and boards","2610:Manufacture of electronic components and boards"],"flowType":"PRODUCT_FLOW","location":"GLO","refUnit":"kg"},"unit":{"@type":"Unit","@id":"20aadc24-a391-41cf-b340-3e4529f44bde","name":"kg"},"flowProperty":{"@type":"FlowProperty","@id":"93a60a56-a3c8-11da-a746-0800200b9a66","name":"Mass","categoryPath":["Technical flow properties"]}},{"@type":"Exchange","avoidedProduct":false,"input":true,"amount":5.731,"internalId":2,"defaultProvider":{"@type":"Process","@id":"b731b406-fec0-33e0-8a3d-277b81c937fc","name":"market for aluminium alloy, AlMg3 | aluminium alloy, AlMg3 | conseq. long-term, S","categoryPath":["C:Manufacturing","24:Manufacture of basic metals","242:Manufacture of basic precious and other non-ferrous metals","2420:Manufacture of basic precious and other non-ferrous metals"],"processType":"LCI_RESULT","location":"GLO"},"flow":{"@type":"Flow","@id":"bf7c29cf-bf4a-3b33-9b5d-c54196cf4053","name":"aluminium alloy, AlMg3 | market for aluminium alloy, AlMg3","categoryPath":["C:Manufacturing","24:Manufacture of basic metals","242:Manufacture of basic precious and other non-ferrous metals","2420:Manufacture of basic precious and other non-ferrous metals"],"flowType":"PRODUCT_FLOW","location":"GLO","refUnit":"kg"},"unit":{"@type":"Unit","@id":"20aadc24-a391-41cf-b340-3e4529f44bde","name":"kg"},"flowProperty":{"@type":"FlowProperty","@id":"93a60a56-a3c8-11da-a746-0800200b9a66","name":"Mass","categoryPath":["Technical flow properties"]}},{"@type":"Exchange","avoidedProduct":false,"input":true,"amount":0.35,"internalId":15,"defaultProvider":{"@type":"Process","@id":"9fcfec67-f151-3d7e-af95-0d03c56c77f7","name":"market for powder coat, aluminium sheet | powder coat, aluminium sheet | conseq. long-term, S","categoryPath":["C:Manufacturing","25:Manufacture of fabricated metal products, except machinery and equipment","259:Manufacture of other fabricated metal products; metalworking service activit","2592:Treatment and coating of metals; machining"],"processType":"LCI_RESULT","location":"GLO"},"flow":{"@type":"Flow","@id":"9131f48a-db34-36e0-b607-558b472e04c7","name":"powder coat, aluminium sheet | market for powder coat, aluminium sheet","categoryPath":["C:Manufacturing","25:Manufacture of fabricated metal products, except machinery and equipment","259:Manufacture of other fabricated metal products; metalworking service activit","2592:Treatment and coating of metals; machining"],"flowType":"PRODUCT_FLOW","location":"GLO","refUnit":"m2"},"unit":{"@type":"Unit","@id":"3ce61faa-5716-41c1-aef6-b5920054acc9","name":"m2"},"flowProperty":{"@type":"FlowProperty","@id":"93a60a56-a3c8-19da-a746-0800200c9a66","name":"Area","categoryPath":["Technical flow properties"]}},{"@type":"Exchange","avoidedProduct":false,"input":true,"amount":0.75,"internalId":18,"defaultProvider":{"@type":"Process","@id":"f40c75b2-4645-304e-a6b6-74b5e1eae693","name":"market for welding, arc, aluminium | welding, arc, aluminium | conseq. long-term, S","categoryPath":["C:Manufacturing","25:Manufacture of fabricated metal products, except machinery and equipment","259:Manufacture of other fabricated metal products; metalworking service activit","2592:Treatment and coating of metals; machining"],"processType":"LCI_RESULT","location":"GLO"},"flow":{"@type":"Flow","@id":"39792e08-9969-31a8-9c36-7df2f7ffbf70","name":"welding, arc, aluminium | market for welding, arc, aluminium","categoryPath":["C:Manufacturing","25:Manufacture of fabricated metal products, except machinery and equipment","259:Manufacture of other fabricated metal products; metalworking service activit","2592:Treatment and coating of metals; machining"],"flowType":"PRODUCT_FLOW","location":"GLO","refUnit":"m"},"unit":{"@type":"Unit","@id":"3d314eab-ef11-4ff3-a35e-9bc5cd858694","name":"m"},"flowProperty":{"@type":"FlowProperty","@id":"838aaa23-0117-11db-92e3-0800200c9a66","name":"Length","categoryPath":["Technical flow properties"]}},{"@type":"Exchange","avoidedProduct":false,"input":true,"amount":1.159,"internalId":4,"defaultProvider":{"@type":"Process","@id":"bb8ee17d-553f-32c4-9bd4-8b0c42b29f01","name":"battery cell production, Li-ion | battery cell, Li-ion | conseq. long-term, S","categoryPath":["C:Manufacturing","27:Manufacture of electrical equipment","272:Manufacture of batteries and accumulators","2720:Manufacture of batteries and accumulators"],"processType":"LCI_RESULT","location":"CN"},"flow":{"@type":"Flow","@id":"af398ee8-3376-3e5f-9520-ba759bb69210","name":"battery cell, Li-ion | battery cell production, Li-ion","categoryPath":["C:Manufacturing","27:Manufacture of electrical equipment","272:Manufacture of batteries and accumulators","2720:Manufacture of batteries and accumulators"],"flowType":"PRODUCT_FLOW","location":"CN","refUnit":"kg"},"unit":{"@type":"Unit","@id":"20aadc24-a391-41cf-b340-3e4529f44bde","name":"kg"},"flowProperty":{"@type":"FlowProperty","@id":"93a60a56-a3c8-11da-a746-0800200b9a66","name":"Mass","categoryPath":["Technical flow properties"]}},{"@type":"Exchange","avoidedProduct":false,"input":true,"amount":0.062,"internalId":21,"defaultProvider":{"@type":"Process","@id":"f6344f86-f13e-38a2-a10d-3198cfdc2c0a","name":"market for transistor, wired, small size, through-hole mounting | transistor, wired, small size, through-hole mounting | conseq. long-term, S","categoryPath":["C:Manufacturing","26:Manufacture of computer, electronic and optical products","261:Manufacture of electronic components and boards","2610:Manufacture of electronic components and boards"],"processType":"LCI_RESULT","location":"GLO"},"flow":{"@type":"Flow","@id":"195464c4-522b-3848-8cb2-48d152d16792","name":"transistor, wired, small size, through-hole mounting | market for transistor, wired, small size, through-hole mounting","categoryPath":["C:Manufacturing","26:Manufacture of computer, electronic and optical products","261:Manufacture of electronic components and boards","2610:Manufacture of electronic components and boards"],"flowType":"PRODUCT_FLOW","location":"GLO","refUnit":"kg"},"unit":{"@type":"Unit","@id":"20aadc24-a391-41cf-b340-3e4529f44bde","name":"kg"},"flowProperty":{"@type":"FlowProperty","@id":"93a60a56-a3c8-11da-a746-0800200b9a66","name":"Mass","categoryPath":["Technical flow properties"]}},{"@type":"Exchange","avoidedProduct":false,"input":true,"amount":-0.5681818181818182,"amountFormula":"-12.5/22","internalId":6,"defaultProvider":{"@type":"Process","@id":"9a02166f-7cf4-331d-b83c-ab0005173c5d","name":"market for used electric bicycle | used electric bicycle | conseq. long-term, S","categoryPath":["E:Water supply; sewerage, waste management and remediation activities","38:Waste collection, treatment and disposal activities; materials recovery","383:Materials recovery","3830:Materials recovery"],"processType":"LCI_RESULT","location":"GLO"},"flow":{"@type":"Flow","@id":"38665712-bd04-38ed-bf53-b53743f030d7","name":"used electric bicycle | market for used electric bicycle","categoryPath":["E:Water supply; sewerage, waste management and remediation activities","38:Waste collection, treatment and disposal activities; materials recovery","383:Materials recovery","3830:Materials recovery"],"flowType":"PRODUCT_FLOW","location":"GLO","refUnit":"Item(s)"},"unit":{"@type":"Unit","@id":"6dabe201-aaac-4509-92f0-d00c26cb72ab","name":"Item(s)"},"flowProperty":{"@type":"FlowProperty","@id":"01846770-4cfe-4a25-8ad9-919d8d378345","name":"Number of items","categoryPath":["Technical flow properties"]}},{"@type":"Exchange","avoidedProduct":false,"input":true,"amount":1.187,"internalId":9,"defaultProvider":{"@type":"Process","@id":"928a032d-8142-3320-88ff-bb18d493f069","name":"electric motor production, for electric scooter | electric motor, for electric scooter | conseq. long-term, S","categoryPath":["C:Manufacturing","26:Manufacture of computer, electronic and optical products","261:Manufacture of electronic components and boards","2610:Manufacture of electronic components and boards"],"processType":"LCI_RESULT","location":"GLO"},"flow":{"@type":"Flow","@id":"8205d265-5585-3c1f-bb5d-622c3eefb1bd","name":"electric motor, for electric scooter | electric motor production, for electric scooter","categoryPath":["C:Manufacturing","26:Manufacture of computer, electronic and optical products","261:Manufacture of electronic components and boards","2610:Manufacture of electronic components and boards"],"flowType":"PRODUCT_FLOW","location":"GLO","refUnit":"kg"},"unit":{"@type":"Unit","@id":"20aadc24-a391-41cf-b340-3e4529f44bde","name":"kg"},"flowProperty":{"@type":"FlowProperty","@id":"93a60a56-a3c8-11da-a746-0800200b9a66","name":"Mass","categoryPath":["Technical flow properties"]}},{"@type":"Exchange","avoidedProduct":false,"input":true,"amount":6.89,"internalId":24,"defaultProvider":{"@type":"Process","@id":"34f56844-078b-3d96-a161-1a9e794e4e65","name":"market for electricity, medium voltage, aluminium industry | electricity, medium voltage, aluminium industry | conseq. long-term, S","categoryPath":["D:Electricity, gas, steam and air conditioning supply","35:Electricity, gas, steam and air conditioning supply","351:Electric power generation, transmission and distribution","3510:Electric power generation, transmission and distribution"],"processType":"LCI_RESULT","location":"CN"},"flow":{"@type":"Flow","@id":"51510f07-b9f6-32a6-948e-65b6ecfa569a","name":"electricity, medium voltage, aluminium industry | market for electricity, medium voltage, aluminium industry","categoryPath":["D:Electricity, gas, steam and air conditioning supply","35:Electricity, gas, steam and air conditioning supply","351:Electric power generation, transmission and distribution","3510:Electric power generation, transmission and distribution"],"flowType":"PRODUCT_FLOW","location":"CN","refUnit":"MJ"},"unit":{"@type":"Unit","@id":"86ad2244-1f0e-4912-af53-7865283103e4","name":"kWh"},"flowProperty":{"@type":"FlowProperty","@id":"f6811440-ee37-11de-8a39-0800200c9a66","name":"Energy","categoryPath":["Technical flow properties"]}},{"@type":"Exchange","avoidedProduct":false,"input":true,"amount":0.193,"internalId":28,"defaultProvider":{"@type":"Process","@id":"d654c747-784a-30e3-a3a9-5a08b07b1168","name":"market for heat, central or small-scale, other than natural gas | heat, central or small-scale, other than natural gas | conseq. long-term, S","categoryPath":["D:Electricity, gas, steam and air conditioning supply","35:Electricity, gas, steam and air conditioning supply","353:Steam and air conditioning supply","3530:Steam and air conditioning supply"],"processType":"LCI_RESULT","location":"RoW"},"flow":{"@type":"Flow","@id":"9b497e41-9eb1-352b-959d-bff105d3b728","name":"heat, central or small-scale, other than natural gas | market for heat, central or small-scale, other than natural gas","categoryPath":["D:Electricity, gas, steam and air conditioning supply","35:Electricity, gas, steam and air conditioning supply","353:Steam and air conditioning supply","3530:Steam and air conditioning supply"],"flowType":"PRODUCT_FLOW","location":"RoW","refUnit":"MJ"},"unit":{"@type":"Unit","@id":"52765a6c-3896-43c2-b2f4-c679acf13efe","name":"MJ"},"flowProperty":{"@type":"FlowProperty","@id":"f6811440-ee37-11de-8a39-0800200c9a66","name":"Energy","categoryPath":["Technical flow properties"]}},{"@type":"Exchange","avoidedProduct":false,"input":true,"amount":13.6,"internalId":26,"defaultProvider":{"@type":"Process","@id":"2ac26cd8-b5bc-392c-8409-2c2cbeddac4e","name":"market for heat, district or industrial, natural gas | heat, district or industrial, natural gas | conseq. long-term, S","categoryPath":["D:Electricity, gas, steam and air conditioning supply","35:Electricity, gas, steam and air conditioning supply","353:Steam and air conditioning supply","3530:Steam and air conditioning supply"],"processType":"LCI_RESULT","location":"RoW"},"flow":{"@type":"Flow","@id":"c8e7c63a-e051-3f30-9804-cf6af96a01e9","name":"heat, district or industrial, natural gas | market for heat, district or industrial, natural gas","categoryPath":["D:Electricity, gas, steam and air conditioning supply","35:Electricity, gas, steam and air conditioning supply","353:Steam and air conditioning supply","3530:Steam and air conditioning supply"],"flowType":"PRODUCT_FLOW","location":"RoW","refUnit":"MJ"},"unit":{"@type":"Unit","@id":"52765a6c-3896-43c2-b2f4-c679acf13efe","name":"MJ"},"flowProperty":{"@type":"FlowProperty","@id":"f6811440-ee37-11de-8a39-0800200c9a66","name":"Energy","categoryPath":["Technical flow properties"]}},{"@type":"Exchange","avoidedProduct":false,"input":true,"amount":30.0,"amountFormula":"0.0125*2400","internalId":30,"defaultProvider":{"@type":"Process","@id":"dd506391-b405-388c-b7a8-418db0a6d0c8","name":"transport, freight train, diesel | transport, freight train | conseq. long-term, S","categoryPath":["H:Transportation and storage","49:Land transport and transport via pipelines","491:Transport via railways","4912:Freight rail transport"],"processType":"LCI_RESULT","location":"CN"},"flow":{"@type":"Flow","@id":"bd2e4652-1c6a-3b86-85b1-ceca74dc7331","name":"transport, freight train | transport, freight train, diesel","categoryPath":["H:Transportation and storage","49:Land transport and transport via pipelines","491:Transport via railways","4912:Freight rail transport"],"flowType":"PRODUCT_FLOW","location":"CN","refUnit":"t*km"},"unit":{"@type":"Unit","@id":"0dea4ed8-bb6b-4049-b2b4-b2c413ef2180","name":"t*km"},"flowProperty":{"@type":"FlowProperty","@id":"838aaa20-0117-11db-92e3-0800200c9a66","name":"Goods transport (mass*distance)","categoryPath":["Technical flow properties"]}},{"@type":"Exchange","avoidedProduct":false,"input":true,"amount":18.75,"amountFormula":"0.0125*1500","internalId":31,"defaultProvider":{"@type":"Process","@id":"89ac7bd0-de5e-306f-8a24-7b5fdeb740bb","name":"transport, freight train, electricity | transport, freight train | conseq. long-term, S","categoryPath":["H:Transportation and storage","49:Land transport and transport via pipelines","491:Transport via railways","4912:Freight rail transport"],"processType":"LCI_RESULT","location":"RoW"},"flow":{"@type":"Flow","@id":"cd136047-2ca8-39f4-9b82-4e2f6345bd5f","name":"transport, freight train | transport, freight train, electricity","categoryPath":["H:Transportation and storage","49:Land transport and transport via pipelines","491:Transport via railways","4912:Freight rail transport"],"flowType":"PRODUCT_FLOW","location":"RoW","refUnit":"t*km"},"unit":{"@type":"Unit","@id":"0dea4ed8-bb6b-4049-b2b4-b2c413ef2180","name":"t*km"},"flowProperty":{"@type":"FlowProperty","@id":"838aaa20-0117-11db-92e3-0800200c9a66","name":"Goods transport (mass*distance)","categoryPath":["Technical flow properties"]}},{"@type":"Exchange","avoidedProduct":false,"input":true,"amount":18.75,"amountFormula":"0.0125*1500","internalId":32,"defaultProvider":{"@type":"Process","@id":"68e89ad9-a3da-31d8-891b-8821840a6738","name":"transport, freight, lorry, all sizes, EURO5 to generic market for transport, freight, lorry, unspecified | transport, freight, lorry, unspecified | conseq. long-term, S","categoryPath":["H:Transportation and storage","49:Land transport and transport via pipelines","492:Other land transport","4923:Freight transport by road"],"processType":"LCI_RESULT","location":"RoW"},"flow":{"@type":"Flow","@id":"5e3d3fe9-2c66-330e-8b4f-83e13b792120","name":"transport, freight, lorry, unspecified | transport, freight, lorry, all sizes, EURO5 to generic market for transport, freight, lorry, unspecified","categoryPath":["H:Transportation and storage","49:Land transport and transport via pipelines","492:Other land transport","4923:Freight transport by road"],"flowType":"PRODUCT_FLOW","location":"RoW","refUnit":"t*km"},"unit":{"@type":"Unit","@id":"0dea4ed8-bb6b-4049-b2b4-b2c413ef2180","name":"t*km"},"flowProperty":{"@type":"FlowProperty","@id":"838aaa20-0117-11db-92e3-0800200c9a66","name":"Goods transport (mass*distance)","categoryPath":["Technical flow properties"]}},{"@type":"Exchange","avoidedProduct":false,"input":true,"amount":56.25,"amountFormula":"0.0125*4500","internalId":29,"defaultProvider":{"@type":"Process","@id":"bc73051e-dfd1-307f-8d96-c46af1070d39","name":"market for transport, freight train | transport, freight train | conseq. long-term, S","categoryPath":["H:Transportation and storage","49:Land transport and transport via pipelines","491:Transport via railways","4912:Freight rail transport"],"processType":"LCI_RESULT","location":"CN"},"flow":{"@type":"Flow","@id":"79f1ac53-e584-3f79-88a1-84afa9a5f5f3","name":"transport, freight train | market for transport, freight train","categoryPath":["H:Transportation and storage","49:Land transport and transport via pipelines","491:Transport via railways","4912:Freight rail transport"],"flowType":"PRODUCT_FLOW","location":"CN","refUnit":"t*km"},"unit":{"@type":"Unit","@id":"0dea4ed8-bb6b-4049-b2b4-b2c413ef2180","name":"t*km"},"flowProperty":{"@type":"FlowProperty","@id":"838aaa20-0117-11db-92e3-0800200c9a66","name":"Goods transport (mass*distance)","categoryPath":["Technical flow properties"]}}]}