{"@context":"http://greendelta.github.io/olca-schema/context.jsonld","@type":"Process","@id":"84230b24-a423-4ef1-9c6f-30aff2864408","name":"Shared_bicycle_UStage_1pkm","description":"","version":"00.00.004","lastChange":"2019-11-11T19:24:00.889+01:00","category":{"@type":"Category","@id":"8e07bbe3-0c50-38e9-aba7-7b98e4cf47aa","name":"UStage","categoryPath":["Conseq_FFES_Paris"],"categoryType":"Process"},"processType":"UNIT_PROCESS","infrastructureProcess":false,"processDocumentation":{"@type":"ProcessDocumentation","copyright":false,"creationDate":"2019-09-19T14:28:57.558+02:00"},"lastInternalId":3,"exchanges":[{"@type":"Exchange","avoidedProduct":false,"input":false,"amount":1.0,"internalId":1,"flow":{"@type":"Flow","@id":"c64e133d-ebf9-478d-88a5-2bc33cd60cec","name":"Share_bicycle_indirect_UStage_1km","flowType":"PRODUCT_FLOW","refUnit":"Item(s)"},"unit":{"@type":"Unit","@id":"6dabe201-aaac-4509-92f0-d00c26cb72ab","name":"Item(s)"},"flowProperty":{"@type":"FlowProperty","@id":"01846770-4cfe-4a25-8ad9-919d8d378345","name":"Number of items","categoryPath":["Technical flow properties"]},"quantitativeReference":true},{"@type":"Exchange","avoidedProduct":false,"input":true,"amount":0.0034000000000000002,"amountFormula":"0.01*0.34","internalId":2,"defaultProvider":{"@type":"Process","@id":"05de326d-9eb6-3cb5-ba4f-b1bdf988ebee","name":"market for electricity, high voltage | electricity, high voltage | conseq. long-term, S","categoryPath":["D:Electricity, gas, steam and air conditioning supply","35:Electricity, gas, steam and air conditioning supply","351:Electric power generation, transmission and distribution","3510:Electric power generation, transmission and distribution"],"processType":"LCI_RESULT","location":"FR"},"flow":{"@type":"Flow","@id":"0983324c-fbac-3da3-8326-0b63fd873eab","name":"electricity, high voltage | market for electricity, high voltage","categoryPath":["D:Electricity, gas, steam and air conditioning supply","35:Electricity, gas, steam and air conditioning supply","351:Electric power generation, transmission and distribution","3510:Electric power generation, transmission and distribution"],"flowType":"PRODUCT_FLOW","location":"FR","refUnit":"MJ"},"unit":{"@type":"Unit","@id":"86ad2244-1f0e-4912-af53-7865283103e4","name":"kWh"},"flowProperty":{"@type":"FlowProperty","@id":"f6811440-ee37-11de-8a39-0800200c9a66","name":"Energy","categoryPath":["Technical flow properties"]}},{"@type":"Exchange","avoidedProduct":false,"input":true,"amount":0.4675,"amountFormula":"17*0.0275","internalId":3,"defaultProvider":{"@type":"Process","@id":"b08de9a9-f793-3432-a189-1d1a5fe1f4a6","name":"market for transport, freight, lorry 3.5-7.5 metric ton, EURO5 | transport, freight, lorry 3.5-7.5 metric ton, EURO5 | conseq. long-term, S","categoryPath":["H:Transportation and storage","49:Land transport and transport via pipelines","492:Other land transport","4923:Freight transport by road"],"processType":"LCI_RESULT","location":"GLO"},"flow":{"@type":"Flow","@id":"abd4f9de-8cde-387f-a9fd-61421a453a28","name":"transport, freight, lorry 3.5-7.5 metric ton, EURO5 | market for transport, freight, lorry 3.5-7.5 metric ton, EURO5","categoryPath":["H:Transportation and storage","49:Land transport and transport via pipelines","492:Other land transport","4923:Freight transport by road"],"flowType":"PRODUCT_FLOW","location":"GLO","refUnit":"t*km"},"unit":{"@type":"Unit","@id":"a40229e6-7275-42e3-a304-23d590044770","name":"kg*km"},"flowProperty":{"@type":"FlowProperty","@id":"838aaa20-0117-11db-92e3-0800200c9a66","name":"Goods transport (mass*distance)","categoryPath":["Technical flow properties"]}}]}