{"@context":"http://greendelta.github.io/olca-schema/context.jsonld","@type":"Process","@id":"8a89fe5e-d852-45ce-9c9d-11acd9a079cd","name":"Metro_infra","description":"","version":"00.00.001","lastChange":"2019-10-12T17:48:36.529+02:00","category":{"@type":"Category","@id":"379e002d-edb2-344a-bf14-aa144c6a9769","name":"Infrastructure","categoryPath":["Conseq_FFES_Paris"],"categoryType":"Process"},"processType":"UNIT_PROCESS","infrastructureProcess":false,"processDocumentation":{"@type":"ProcessDocumentation","copyright":false,"creationDate":"2019-09-19T16:45:28.859+02:00"},"lastInternalId":2,"exchanges":[{"@type":"Exchange","avoidedProduct":false,"input":false,"amount":1.0,"internalId":1,"flow":{"@type":"Flow","@id":"f5440080-a292-4b1b-b322-b545cb4dfa71","name":"Metro_infra","flowType":"PRODUCT_FLOW","refUnit":"Item(s)"},"unit":{"@type":"Unit","@id":"6dabe201-aaac-4509-92f0-d00c26cb72ab","name":"Item(s)"},"flowProperty":{"@type":"FlowProperty","@id":"01846770-4cfe-4a25-8ad9-919d8d378345","name":"Number of items","categoryPath":["Technical flow properties"]},"quantitativeReference":true},{"@type":"Exchange","avoidedProduct":false,"input":true,"amount":1.0,"internalId":2,"defaultProvider":{"@type":"Process","@id":"3795093e-89ac-36fe-a1be-938946b7efd8","name":"railway track construction | railway track | conseq. long-term, S","categoryPath":["F:Construction","42:Civil engineering","421:Construction of roads and railways","4210:Construction of roads and railways"],"processType":"LCI_RESULT","location":"CH"},"flow":{"@type":"Flow","@id":"9ae0720d-c160-3a4d-9f57-cc08af8ef3ff","name":"railway track | railway track construction","categoryPath":["F:Construction","42:Civil engineering","421:Construction of roads and railways","4210:Construction of roads and railways"],"flowType":"PRODUCT_FLOW","location":"CH","refUnit":"m*a"},"unit":{"@type":"Unit","@id":"f7fe0af2-e764-4984-bb9f-2cbff6cd2f18","name":"m*a"},"flowProperty":{"@type":"FlowProperty","@id":"b7ffb330-95a8-4815-a78c-47fcdee3b768","name":"Length*time","categoryPath":["Technical flow properties"]}}]}