{"@context":"http://greendelta.github.io/olca-schema/context.jsonld","@type":"Process","@id":"a0bb9ccc-3eca-45c4-a6ea-a00cc6405bed","name":"Shared_2_wheelers_1Unit","description":"","version":"00.00.007","lastChange":"2019-11-11T19:22:01.677+01:00","category":{"@type":"Category","@id":"d904ed1a-f0bb-3ac3-a57b-eaa017765169","name":"Vehicles","categoryPath":["Conseq_FFES_Paris"],"categoryType":"Process"},"processType":"UNIT_PROCESS","infrastructureProcess":false,"processDocumentation":{"@type":"ProcessDocumentation","copyright":false,"creationDate":"2019-09-13T15:09:20.174+02:00"},"lastInternalId":8,"exchanges":[{"@type":"Exchange","avoidedProduct":false,"input":false,"amount":1.0,"internalId":1,"flow":{"@type":"Flow","@id":"6429864f-cad6-493c-9979-75f4c2b23437","name":"Shared_2_wheelers_1Unit","flowType":"PRODUCT_FLOW","refUnit":"Item(s)"},"unit":{"@type":"Unit","@id":"6dabe201-aaac-4509-92f0-d00c26cb72ab","name":"Item(s)"},"flowProperty":{"@type":"FlowProperty","@id":"01846770-4cfe-4a25-8ad9-919d8d378345","name":"Number of items","categoryPath":["Technical flow properties"]},"quantitativeReference":true},{"@type":"Exchange","avoidedProduct":false,"input":true,"amount":-8.0,"internalId":6,"defaultProvider":{"@type":"Process","@id":"b4bcb81a-a20b-3d0a-9a6c-58e6f7525c34","name":"market for used Li-ion battery | used Li-ion battery | conseq. long-term, S","categoryPath":["E:Water supply; sewerage, waste management and remediation activities","38:Waste collection, treatment and disposal activities; materials recovery","383:Materials recovery","3830:Materials recovery"],"processType":"LCI_RESULT","location":"GLO"},"flow":{"@type":"Flow","@id":"bac470d9-4d5a-3599-9009-95581a16a612","name":"used Li-ion battery | market for used Li-ion battery","categoryPath":["E:Water supply; sewerage, waste management and remediation activities","38:Waste collection, treatment and disposal activities; materials recovery","383:Materials recovery","3830:Materials recovery"],"flowType":"PRODUCT_FLOW","location":"GLO","refUnit":"kg"},"unit":{"@type":"Unit","@id":"20aadc24-a391-41cf-b340-3e4529f44bde","name":"kg"},"flowProperty":{"@type":"FlowProperty","@id":"93a60a56-a3c8-11da-a746-0800200b9a66","name":"Mass","categoryPath":["Technical flow properties"]}},{"@type":"Exchange","avoidedProduct":false,"input":true,"amount":8.0,"internalId":3,"defaultProvider":{"@type":"Process","@id":"e76a393f-8ebf-3829-b6a1-e8b4176e17fb","name":"market for battery cell, Li-ion | battery cell, Li-ion | conseq. long-term, S","categoryPath":["C:Manufacturing","27:Manufacture of electrical equipment","272:Manufacture of batteries and accumulators","2720:Manufacture of batteries and accumulators"],"processType":"LCI_RESULT","location":"GLO"},"flow":{"@type":"Flow","@id":"58f69994-ec35-3cae-8f25-25795857a2ac","name":"battery cell, Li-ion | market for battery cell, Li-ion","categoryPath":["C:Manufacturing","27:Manufacture of electrical equipment","272:Manufacture of batteries and accumulators","2720:Manufacture of batteries and accumulators"],"flowType":"PRODUCT_FLOW","location":"GLO","refUnit":"kg"},"unit":{"@type":"Unit","@id":"20aadc24-a391-41cf-b340-3e4529f44bde","name":"kg"},"flowProperty":{"@type":"FlowProperty","@id":"93a60a56-a3c8-11da-a746-0800200b9a66","name":"Mass","categoryPath":["Technical flow properties"]}},{"@type":"Exchange","avoidedProduct":false,"input":true,"amount":1.0,"internalId":5,"defaultProvider":{"@type":"Process","@id":"827cdb19-c669-34fd-be1d-3d4aae7177fd","name":"market for maintenance, electric scooter, without battery | maintenance, electric scooter, without battery | conseq. long-term, S","categoryPath":["G:Wholesale and retail trade; repair of motor vehicles and motorcycles","45:Wholesale and retail trade and repair of motor vehicles and motorcycles","454:Sale, maintenance and repair of motorcycles and related parts and accessories","4540:Sale, maintenance and repair of motorcycles and related parts and accessori"],"processType":"LCI_RESULT","location":"GLO"},"flow":{"@type":"Flow","@id":"da94c1e8-cffb-360a-8e61-26713f4b3734","name":"maintenance, electric scooter, without battery | market for maintenance, electric scooter, without battery","categoryPath":["G:Wholesale and retail trade; repair of motor vehicles and motorcycles","45:Wholesale and retail trade and repair of motor vehicles and motorcycles","454:Sale, maintenance and repair of motorcycles and related parts and accessories","4540:Sale, maintenance and repair of motorcycles and related parts and accessori"],"flowType":"PRODUCT_FLOW","location":"GLO","refUnit":"Item(s)"},"unit":{"@type":"Unit","@id":"6dabe201-aaac-4509-92f0-d00c26cb72ab","name":"Item(s)"},"flowProperty":{"@type":"FlowProperty","@id":"01846770-4cfe-4a25-8ad9-919d8d378345","name":"Number of items","categoryPath":["Technical flow properties"]}},{"@type":"Exchange","avoidedProduct":false,"input":true,"amount":112.0,"internalId":2,"defaultProvider":{"@type":"Process","@id":"e1cd8f4b-0e98-3157-96dd-d975211665dc","name":"electric scooter production, without battery | electric scooter, without battery | conseq. long-term, S","categoryPath":["C:Manufacturing","30:Manufacture of other transport equipment","309:Manufacture of transport equipment n.e.c.","3091:Manufacture of motorcycles"],"processType":"LCI_RESULT","location":"GLO"},"flow":{"@type":"Flow","@id":"4be81c99-1646-36f5-84f9-c83e6cc249c0","name":"electric scooter, without battery | electric scooter production, without battery","categoryPath":["C:Manufacturing","30:Manufacture of other transport equipment","309:Manufacture of transport equipment n.e.c.","3091:Manufacture of motorcycles"],"flowType":"PRODUCT_FLOW","location":"GLO","refUnit":"kg"},"unit":{"@type":"Unit","@id":"20aadc24-a391-41cf-b340-3e4529f44bde","name":"kg"},"flowProperty":{"@type":"FlowProperty","@id":"93a60a56-a3c8-11da-a746-0800200b9a66","name":"Mass","categoryPath":["Technical flow properties"]}}]}