{"@context":"http://greendelta.github.io/olca-schema/context.jsonld","@type":"Process","@id":"ae145288-0618-4593-9bbd-8e12727e8b62","name":"Taxi_ride_hailing_UStage_1pkm","description":"","version":"00.00.007","lastChange":"2019-11-19T19:10:17.528+01:00","category":{"@type":"Category","@id":"8e07bbe3-0c50-38e9-aba7-7b98e4cf47aa","name":"UStage","categoryPath":["Conseq_FFES_Paris"],"categoryType":"Process"},"processType":"UNIT_PROCESS","infrastructureProcess":false,"processDocumentation":{"@type":"ProcessDocumentation","copyright":false,"creationDate":"2019-09-19T14:28:33.776+02:00"},"lastInternalId":7,"exchanges":[{"@type":"Exchange","avoidedProduct":false,"input":false,"amount":1.0,"internalId":1,"flow":{"@type":"Flow","@id":"4908c355-b508-42ae-bea8-bab354a30996","name":"Taxi_ride_hailing_indirect_UStage_1km","flowType":"PRODUCT_FLOW","refUnit":"Item(s)"},"unit":{"@type":"Unit","@id":"6dabe201-aaac-4509-92f0-d00c26cb72ab","name":"Item(s)"},"flowProperty":{"@type":"FlowProperty","@id":"01846770-4cfe-4a25-8ad9-919d8d378345","name":"Number of items","categoryPath":["Technical flow properties"]},"quantitativeReference":true},{"@type":"Exchange","avoidedProduct":false,"input":true,"amount":0.055022,"amountFormula":"0.0671*0.82","internalId":4,"defaultProvider":{"@type":"Process","@id":"c83447f6-e2a6-3c20-9bba-a0f47fe3d91b","name":"market group for diesel, low-sulfur | diesel, low-sulfur | conseq. long-term, S","categoryPath":["C:Manufacturing","19:Manufacture of coke and refined petroleum products","192:Manufacture of refined petroleum products","1920:Manufacture of refined petroleum products"],"processType":"LCI_RESULT","location":"RER"},"flow":{"@type":"Flow","@id":"12abcefd-300f-38af-9482-0002e79a30ed","name":"diesel, low-sulfur | market group for diesel, low-sulfur","categoryPath":["C:Manufacturing","19:Manufacture of coke and refined petroleum products","192:Manufacture of refined petroleum products","1920:Manufacture of refined petroleum products"],"flowType":"PRODUCT_FLOW","location":"RER","refUnit":"kg"},"unit":{"@type":"Unit","@id":"20aadc24-a391-41cf-b340-3e4529f44bde","name":"kg"},"flowProperty":{"@type":"FlowProperty","@id":"93a60a56-a3c8-11da-a746-0800200b9a66","name":"Mass","categoryPath":["Technical flow properties"]}},{"@type":"Exchange","avoidedProduct":false,"input":true,"amount":0.03234,"amountFormula":"0.294*0.11","internalId":3,"defaultProvider":{"@type":"Process","@id":"05de326d-9eb6-3cb5-ba4f-b1bdf988ebee","name":"market for electricity, high voltage | electricity, high voltage | conseq. long-term, S","categoryPath":["D:Electricity, gas, steam and air conditioning supply","35:Electricity, gas, steam and air conditioning supply","351:Electric power generation, transmission and distribution","3510:Electric power generation, transmission and distribution"],"processType":"LCI_RESULT","location":"FR"},"flow":{"@type":"Flow","@id":"0983324c-fbac-3da3-8326-0b63fd873eab","name":"electricity, high voltage | market for electricity, high voltage","categoryPath":["D:Electricity, gas, steam and air conditioning supply","35:Electricity, gas, steam and air conditioning supply","351:Electric power generation, transmission and distribution","3510:Electric power generation, transmission and distribution"],"flowType":"PRODUCT_FLOW","location":"FR","refUnit":"MJ"},"unit":{"@type":"Unit","@id":"86ad2244-1f0e-4912-af53-7865283103e4","name":"kWh"},"flowProperty":{"@type":"FlowProperty","@id":"f6811440-ee37-11de-8a39-0800200c9a66","name":"Energy","categoryPath":["Technical flow properties"]}},{"@type":"Exchange","avoidedProduct":false,"input":true,"amount":0.008459999999999999,"amountFormula":"0.12*.0705","internalId":5,"defaultProvider":{"@type":"Process","@id":"26e6b1e7-5158-32bc-9a7e-72e0460859e0","name":"market for petrol, low-sulfur | petrol, low-sulfur | conseq. long-term, S","categoryPath":["C:Manufacturing","19:Manufacture of coke and refined petroleum products","192:Manufacture of refined petroleum products","1920:Manufacture of refined petroleum products"],"processType":"LCI_RESULT","location":"Europe without Switzerland"},"flow":{"@type":"Flow","@id":"dbd30c64-394e-3386-819f-0c918a2ece25","name":"petrol, low-sulfur | market for petrol, low-sulfur","categoryPath":["C:Manufacturing","19:Manufacture of coke and refined petroleum products","192:Manufacture of refined petroleum products","1920:Manufacture of refined petroleum products"],"flowType":"PRODUCT_FLOW","location":"Europe without Switzerland","refUnit":"kg"},"unit":{"@type":"Unit","@id":"20aadc24-a391-41cf-b340-3e4529f44bde","name":"kg"},"flowProperty":{"@type":"FlowProperty","@id":"93a60a56-a3c8-11da-a746-0800200b9a66","name":"Mass","categoryPath":["Technical flow properties"]}},{"@type":"Exchange","avoidedProduct":false,"input":false,"amount":184.39,"amountFormula":"221*0.07+206*0.82","internalId":7,"flow":{"@type":"Flow","@id":"f9749677-9c9f-4678-ab55-c607dfdc2cb9","name":"Carbon dioxide, fossil","categoryPath":["Elementary flows","Emission to air","high population density"],"flowType":"ELEMENTARY_FLOW","refUnit":"kg"},"unit":{"@type":"Unit","@id":"e1317ffc-7f83-4a85-bc65-4fb229a25cf8","name":"g"},"flowProperty":{"@type":"FlowProperty","@id":"93a60a56-a3c8-11da-a746-0800200b9a66","name":"Mass","categoryPath":["Technical flow properties"]}}]}