{"@context":"http://greendelta.github.io/olca-schema/context.jsonld","@type":"Process","@id":"b8d31296-d32e-432d-9566-b582aa076a2c","name":"Diesel_bus_UStage_1pkm","description":"","version":"00.00.005","lastChange":"2019-12-03T12:57:20.046+01:00","category":{"@type":"Category","@id":"8e07bbe3-0c50-38e9-aba7-7b98e4cf47aa","name":"UStage","categoryPath":["Conseq_FFES_Paris"],"categoryType":"Process"},"processType":"UNIT_PROCESS","infrastructureProcess":false,"processDocumentation":{"@type":"ProcessDocumentation","copyright":false,"creationDate":"2019-09-19T14:27:47.512+02:00"},"lastInternalId":5,"exchanges":[{"@type":"Exchange","avoidedProduct":false,"input":false,"amount":1.0,"internalId":1,"flow":{"@type":"Flow","@id":"296e1d00-e3bc-4f2c-8f3c-8ef8bd7b52c9","name":"Diesel_bus_indirect_UStage_1km","flowType":"PRODUCT_FLOW","refUnit":"Item(s)"},"unit":{"@type":"Unit","@id":"6dabe201-aaac-4509-92f0-d00c26cb72ab","name":"Item(s)"},"flowProperty":{"@type":"FlowProperty","@id":"01846770-4cfe-4a25-8ad9-919d8d378345","name":"Number of items","categoryPath":["Technical flow properties"]},"quantitativeReference":true},{"@type":"Exchange","avoidedProduct":false,"input":true,"amount":0.0206,"internalId":3,"defaultProvider":{"@type":"Process","@id":"c83447f6-e2a6-3c20-9bba-a0f47fe3d91b","name":"market group for diesel, low-sulfur | diesel, low-sulfur | conseq. long-term, S","categoryPath":["C:Manufacturing","19:Manufacture of coke and refined petroleum products","192:Manufacture of refined petroleum products","1920:Manufacture of refined petroleum products"],"processType":"LCI_RESULT","location":"RER"},"flow":{"@type":"Flow","@id":"12abcefd-300f-38af-9482-0002e79a30ed","name":"diesel, low-sulfur | market group for diesel, low-sulfur","categoryPath":["C:Manufacturing","19:Manufacture of coke and refined petroleum products","192:Manufacture of refined petroleum products","1920:Manufacture of refined petroleum products"],"flowType":"PRODUCT_FLOW","location":"RER","refUnit":"kg"},"unit":{"@type":"Unit","@id":"20aadc24-a391-41cf-b340-3e4529f44bde","name":"kg"},"flowProperty":{"@type":"FlowProperty","@id":"93a60a56-a3c8-11da-a746-0800200b9a66","name":"Mass","categoryPath":["Technical flow properties"]}},{"@type":"Exchange","avoidedProduct":false,"input":false,"amount":93.5,"internalId":5,"flow":{"@type":"Flow","@id":"f9749677-9c9f-4678-ab55-c607dfdc2cb9","name":"Carbon dioxide, fossil","categoryPath":["Elementary flows","Emission to air","high population density"],"flowType":"ELEMENTARY_FLOW","refUnit":"kg"},"unit":{"@type":"Unit","@id":"e1317ffc-7f83-4a85-bc65-4fb229a25cf8","name":"g"},"flowProperty":{"@type":"FlowProperty","@id":"93a60a56-a3c8-11da-a746-0800200b9a66","name":"Mass","categoryPath":["Technical flow properties"]}}]}