{"@context":"http://greendelta.github.io/olca-schema/context.jsonld","@type":"Process","@id":"cd7f0ffd-4070-4188-8128-5a70207046df","name":"VUL_Paris_1km","description":"","version":"00.00.003","lastChange":"2019-09-19T17:56:58.349+02:00","category":{"@type":"Category","@id":"8e07bbe3-0c50-38e9-aba7-7b98e4cf47aa","name":"UStage","categoryPath":["Conseq_FFES_Paris"],"categoryType":"Process"},"processType":"UNIT_PROCESS","infrastructureProcess":false,"processDocumentation":{"@type":"ProcessDocumentation","copyright":false,"creationDate":"2019-09-19T17:53:02.554+02:00"},"lastInternalId":7,"exchanges":[{"@type":"Exchange","avoidedProduct":false,"input":false,"amount":1.0,"internalId":1,"flow":{"@type":"Flow","@id":"d991ffe8-55de-49d7-a81b-201e58c62a85","name":"ES_collection","flowType":"PRODUCT_FLOW","refUnit":"Item(s)"},"unit":{"@type":"Unit","@id":"6dabe201-aaac-4509-92f0-d00c26cb72ab","name":"Item(s)"},"flowProperty":{"@type":"FlowProperty","@id":"01846770-4cfe-4a25-8ad9-919d8d378345","name":"Number of items","categoryPath":["Technical flow properties"]},"quantitativeReference":true},{"@type":"Exchange","avoidedProduct":false,"input":true,"amount":0.16,"internalId":6,"defaultProvider":{"@type":"Process","@id":"864351be-f868-3058-b2f7-0970f06bf3d7","name":"market for diesel, low-sulfur | diesel, low-sulfur | conseq. long-term, S","categoryPath":["C:Manufacturing","19:Manufacture of coke and refined petroleum products","192:Manufacture of refined petroleum products","1920:Manufacture of refined petroleum products"],"processType":"LCI_RESULT","location":"Europe without Switzerland"},"flow":{"@type":"Flow","@id":"9887f8ae-6d9a-30cf-8ffc-bf5042607c1a","name":"diesel, low-sulfur | market for diesel, low-sulfur","categoryPath":["C:Manufacturing","19:Manufacture of coke and refined petroleum products","192:Manufacture of refined petroleum products","1920:Manufacture of refined petroleum products"],"flowType":"PRODUCT_FLOW","location":"Europe without Switzerland","refUnit":"kg"},"unit":{"@type":"Unit","@id":"20aadc24-a391-41cf-b340-3e4529f44bde","name":"kg"},"flowProperty":{"@type":"FlowProperty","@id":"93a60a56-a3c8-11da-a746-0800200b9a66","name":"Mass","categoryPath":["Technical flow properties"]}},{"@type":"Exchange","avoidedProduct":false,"input":true,"amount":6.666666666666667E-6,"amountFormula":"1/150000","internalId":3,"defaultProvider":{"@type":"Process","@id":"3933459e-122d-3918-870a-c6606058b9ef","name":"light commercial vehicle production | light commercial vehicle | conseq. long-term, S","categoryPath":["C:Manufacturing","29:Manufacture of motor vehicles, trailers and semi-trailers","291:Manufacture of motor vehicles","2910:Manufacture of motor vehicles"],"processType":"LCI_RESULT","location":"RER"},"flow":{"@type":"Flow","@id":"7d0285a5-6f76-3c81-9c47-9c4cbf705fd3","name":"light commercial vehicle | light commercial vehicle production","categoryPath":["C:Manufacturing","29:Manufacture of motor vehicles, trailers and semi-trailers","291:Manufacture of motor vehicles","2910:Manufacture of motor vehicles"],"flowType":"PRODUCT_FLOW","location":"RER","refUnit":"Item(s)"},"unit":{"@type":"Unit","@id":"6dabe201-aaac-4509-92f0-d00c26cb72ab","name":"Item(s)"},"flowProperty":{"@type":"FlowProperty","@id":"01846770-4cfe-4a25-8ad9-919d8d378345","name":"Number of items","categoryPath":["Technical flow properties"]}},{"@type":"Exchange","avoidedProduct":false,"input":false,"amount":0.403,"internalId":7,"flow":{"@type":"Flow","@id":"f9749677-9c9f-4678-ab55-c607dfdc2cb9","name":"Carbon dioxide, fossil","categoryPath":["Elementary flows","Emission to air","high population density"],"flowType":"ELEMENTARY_FLOW","refUnit":"kg"},"unit":{"@type":"Unit","@id":"20aadc24-a391-41cf-b340-3e4529f44bde","name":"kg"},"flowProperty":{"@type":"FlowProperty","@id":"93a60a56-a3c8-11da-a746-0800200b9a66","name":"Mass","categoryPath":["Technical flow properties"]}},{"@type":"Exchange","avoidedProduct":false,"input":true,"amount":6.666666666666667E-6,"amountFormula":"1/150000","internalId":4,"defaultProvider":{"@type":"Process","@id":"2b0ea95f-a5c0-3eca-ab99-47a09afe5672","name":"treatment of used light commercial vehicle | used light commercial vehicle | conseq. long-term, S","categoryPath":["E:Water supply; sewerage, waste management and remediation activities","38:Waste collection, treatment and disposal activities; materials recovery","383:Materials recovery","3830:Materials recovery"],"processType":"LCI_RESULT","location":"RoW"},"flow":{"@type":"Flow","@id":"1e6a88bc-2b03-3b7d-b90b-1cdb9549b90a","name":"used light commercial vehicle | treatment of used light commercial vehicle","categoryPath":["E:Water supply; sewerage, waste management and remediation activities","38:Waste collection, treatment and disposal activities; materials recovery","383:Materials recovery","3830:Materials recovery"],"flowType":"PRODUCT_FLOW","location":"RoW","refUnit":"Item(s)"},"unit":{"@type":"Unit","@id":"6dabe201-aaac-4509-92f0-d00c26cb72ab","name":"Item(s)"},"flowProperty":{"@type":"FlowProperty","@id":"01846770-4cfe-4a25-8ad9-919d8d378345","name":"Number of items","categoryPath":["Technical flow properties"]}},{"@type":"Exchange","avoidedProduct":false,"input":true,"amount":6.666666666666667E-6,"amountFormula":"1/150000","internalId":5,"defaultProvider":{"@type":"Process","@id":"54eec1d1-bba3-36fa-b4dd-8e00152af76e","name":"maintenance, light commercial vehicle | maintenance, light commercial vehicle | conseq. long-term, S","categoryPath":["G:Wholesale and retail trade; repair of motor vehicles and motorcycles","45:Wholesale and retail trade and repair of motor vehicles and motorcycles","452:Maintenance and repair of motor vehicles","4520:Maintenance and repair of motor vehicles"],"processType":"LCI_RESULT","location":"RER"},"flow":{"@type":"Flow","@id":"1584f24e-106b-32fc-9e3f-2836c148096c","name":"maintenance, light commercial vehicle | maintenance, light commercial vehicle","categoryPath":["G:Wholesale and retail trade; repair of motor vehicles and motorcycles","45:Wholesale and retail trade and repair of motor vehicles and motorcycles","452:Maintenance and repair of motor vehicles","4520:Maintenance and repair of motor vehicles"],"flowType":"PRODUCT_FLOW","location":"RER","refUnit":"Item(s)"},"unit":{"@type":"Unit","@id":"6dabe201-aaac-4509-92f0-d00c26cb72ab","name":"Item(s)"},"flowProperty":{"@type":"FlowProperty","@id":"01846770-4cfe-4a25-8ad9-919d8d378345","name":"Number of items","categoryPath":["Technical flow properties"]}}]}