{"@context":"http://greendelta.github.io/olca-schema/context.jsonld","@type":"Process","@id":"e12e7e9a-72ca-49e8-a6f4-bde91976ffc9","name":"Personal_car_1Unit","description":"","version":"00.00.006","lastChange":"2019-11-14T20:11:13.865+01:00","category":{"@type":"Category","@id":"d904ed1a-f0bb-3ac3-a57b-eaa017765169","name":"Vehicles","categoryPath":["Conseq_FFES_Paris"],"categoryType":"Process"},"processType":"UNIT_PROCESS","infrastructureProcess":false,"processDocumentation":{"@type":"ProcessDocumentation","copyright":false,"creationDate":"2019-09-13T15:11:04.740+02:00"},"lastInternalId":5,"exchanges":[{"@type":"Exchange","avoidedProduct":false,"input":false,"amount":1.0,"internalId":1,"flow":{"@type":"Flow","@id":"41069beb-2fa2-4c72-993c-0c6cf98b949d","name":"Personal_car_1Unit","flowType":"PRODUCT_FLOW","refUnit":"Item(s)"},"unit":{"@type":"Unit","@id":"6dabe201-aaac-4509-92f0-d00c26cb72ab","name":"Item(s)"},"flowProperty":{"@type":"FlowProperty","@id":"01846770-4cfe-4a25-8ad9-919d8d378345","name":"Number of items","categoryPath":["Technical flow properties"]},"quantitativeReference":true},{"@type":"Exchange","avoidedProduct":false,"input":true,"amount":1.0,"internalId":4,"defaultProvider":{"@type":"Process","@id":"2964d27f-a8b2-3014-91d3-f5548d7260b1","name":"maintenance, passenger car | passenger car maintenance | conseq. long-term, S","categoryPath":["G:Wholesale and retail trade; repair of motor vehicles and motorcycles","45:Wholesale and retail trade and repair of motor vehicles and motorcycles","452:Maintenance and repair of motor vehicles","4520:Maintenance and repair of motor vehicles"],"processType":"LCI_RESULT","location":"RER"},"flow":{"@type":"Flow","@id":"ca8b1856-f364-3334-9d0d-98990a6b6597","name":"passenger car maintenance | maintenance, passenger car","categoryPath":["G:Wholesale and retail trade; repair of motor vehicles and motorcycles","45:Wholesale and retail trade and repair of motor vehicles and motorcycles","452:Maintenance and repair of motor vehicles","4520:Maintenance and repair of motor vehicles"],"flowType":"PRODUCT_FLOW","location":"RER","refUnit":"Item(s)"},"unit":{"@type":"Unit","@id":"6dabe201-aaac-4509-92f0-d00c26cb72ab","name":"Item(s)"},"flowProperty":{"@type":"FlowProperty","@id":"01846770-4cfe-4a25-8ad9-919d8d378345","name":"Number of items","categoryPath":["Technical flow properties"]}},{"@type":"Exchange","avoidedProduct":false,"input":true,"amount":498.42,"amountFormula":"0.39*1278","internalId":3,"defaultProvider":{"@type":"Process","@id":"ad06af40-6add-3202-831a-2b59e4c59fab","name":"market for passenger car, petrol/natural gas | passenger car, petrol/natural gas | conseq. long-term, S","categoryPath":["C:Manufacturing","29:Manufacture of motor vehicles, trailers and semi-trailers","291:Manufacture of motor vehicles","2910:Manufacture of motor vehicles"],"processType":"LCI_RESULT","location":"GLO"},"flow":{"@type":"Flow","@id":"862f8454-f0cc-3b28-9e94-c74e9ae8cac5","name":"passenger car, petrol/natural gas | market for passenger car, petrol/natural gas","categoryPath":["C:Manufacturing","29:Manufacture of motor vehicles, trailers and semi-trailers","291:Manufacture of motor vehicles","2910:Manufacture of motor vehicles"],"flowType":"PRODUCT_FLOW","location":"GLO","refUnit":"kg"},"unit":{"@type":"Unit","@id":"20aadc24-a391-41cf-b340-3e4529f44bde","name":"kg"},"flowProperty":{"@type":"FlowProperty","@id":"93a60a56-a3c8-11da-a746-0800200b9a66","name":"Mass","categoryPath":["Technical flow properties"]}},{"@type":"Exchange","avoidedProduct":false,"input":true,"amount":779.5799999999999,"amountFormula":"0.61*1278","internalId":2,"defaultProvider":{"@type":"Process","@id":"62ef8d5c-4a06-3fa7-958c-8764813ee9a8","name":"market for passenger car, diesel | passenger car, diesel | conseq. long-term, S","categoryPath":["C:Manufacturing","29:Manufacture of motor vehicles, trailers and semi-trailers","291:Manufacture of motor vehicles","2910:Manufacture of motor vehicles"],"processType":"LCI_RESULT","location":"GLO"},"flow":{"@type":"Flow","@id":"faa67d5a-5ade-3310-b64c-9406924c40c7","name":"passenger car, diesel | market for passenger car, diesel","categoryPath":["C:Manufacturing","29:Manufacture of motor vehicles, trailers and semi-trailers","291:Manufacture of motor vehicles","2910:Manufacture of motor vehicles"],"flowType":"PRODUCT_FLOW","location":"GLO","refUnit":"kg"},"unit":{"@type":"Unit","@id":"20aadc24-a391-41cf-b340-3e4529f44bde","name":"kg"},"flowProperty":{"@type":"FlowProperty","@id":"93a60a56-a3c8-11da-a746-0800200b9a66","name":"Mass","categoryPath":["Technical flow properties"]}}]}