{"@context":"http://greendelta.github.io/olca-schema/context.jsonld","@type":"Process","@id":"f0bf5bc8-c1ba-413b-b27b-de5bd7b9ed8a","name":"Personal_2_wheelers_1Unit","description":"","version":"00.00.005","lastChange":"2019-11-14T20:10:16.877+01:00","category":{"@type":"Category","@id":"d904ed1a-f0bb-3ac3-a57b-eaa017765169","name":"Vehicles","categoryPath":["Conseq_FFES_Paris"],"categoryType":"Process"},"processType":"UNIT_PROCESS","infrastructureProcess":false,"processDocumentation":{"@type":"ProcessDocumentation","copyright":false,"creationDate":"2019-09-13T15:09:45.869+02:00"},"lastInternalId":5,"exchanges":[{"@type":"Exchange","avoidedProduct":false,"input":false,"amount":1.0,"internalId":1,"flow":{"@type":"Flow","@id":"fe26048a-bc39-489e-be08-5765a92ce535","name":"Personal_2_wheelers_1Unit","flowType":"PRODUCT_FLOW","refUnit":"Item(s)"},"unit":{"@type":"Unit","@id":"6dabe201-aaac-4509-92f0-d00c26cb72ab","name":"Item(s)"},"flowProperty":{"@type":"FlowProperty","@id":"01846770-4cfe-4a25-8ad9-919d8d378345","name":"Number of items","categoryPath":["Technical flow properties"]},"quantitativeReference":true},{"@type":"Exchange","avoidedProduct":false,"input":true,"amount":1.0,"internalId":2,"defaultProvider":{"@type":"Process","@id":"3ebd078b-5751-3807-a2a8-165f32a8a21f","name":"market for motor scooter, 50 cubic cm engine | motor scooter, 50 cubic cm engine | conseq. long-term, S","categoryPath":["C:Manufacturing","30:Manufacture of other transport equipment","309:Manufacture of transport equipment n.e.c.","3091:Manufacture of motorcycles"],"processType":"LCI_RESULT","location":"GLO"},"flow":{"@type":"Flow","@id":"3bd767c9-3c50-37dd-b27d-d55949ef0c33","name":"motor scooter, 50 cubic cm engine | market for motor scooter, 50 cubic cm engine","categoryPath":["C:Manufacturing","30:Manufacture of other transport equipment","309:Manufacture of transport equipment n.e.c.","3091:Manufacture of motorcycles"],"flowType":"PRODUCT_FLOW","location":"GLO","refUnit":"Item(s)"},"unit":{"@type":"Unit","@id":"6dabe201-aaac-4509-92f0-d00c26cb72ab","name":"Item(s)"},"flowProperty":{"@type":"FlowProperty","@id":"01846770-4cfe-4a25-8ad9-919d8d378345","name":"Number of items","categoryPath":["Technical flow properties"]}},{"@type":"Exchange","avoidedProduct":false,"input":true,"amount":1.0,"internalId":4,"defaultProvider":{"@type":"Process","@id":"aba38ef0-ab64-3318-bd40-009136fd7ac6","name":"market for maintenance, motor scooter | maintenance, motor scooter | conseq. long-term, S","categoryPath":["G:Wholesale and retail trade; repair of motor vehicles and motorcycles","45:Wholesale and retail trade and repair of motor vehicles and motorcycles","454:Sale, maintenance and repair of motorcycles and related parts and accessories","4540:Sale, maintenance and repair of motorcycles and related parts and accessori"],"processType":"LCI_RESULT","location":"GLO"},"flow":{"@type":"Flow","@id":"891bbdb4-c265-3dc5-a95f-7ff5c837fa0b","name":"maintenance, motor scooter | market for maintenance, motor scooter","categoryPath":["G:Wholesale and retail trade; repair of motor vehicles and motorcycles","45:Wholesale and retail trade and repair of motor vehicles and motorcycles","454:Sale, maintenance and repair of motorcycles and related parts and accessories","4540:Sale, maintenance and repair of motorcycles and related parts and accessori"],"flowType":"PRODUCT_FLOW","location":"GLO","refUnit":"Item(s)"},"unit":{"@type":"Unit","@id":"6dabe201-aaac-4509-92f0-d00c26cb72ab","name":"Item(s)"},"flowProperty":{"@type":"FlowProperty","@id":"01846770-4cfe-4a25-8ad9-919d8d378345","name":"Number of items","categoryPath":["Technical flow properties"]}}]}