{"@context":"http://greendelta.github.io/olca-schema/context.jsonld","@type":"Process","@id":"f10e36e7-1b13-4e33-ab59-2e2cd9c5823c","name":"Shared_bicycle_1Unit","description":"","version":"00.00.007","lastChange":"2019-11-14T20:01:11.714+01:00","category":{"@type":"Category","@id":"d904ed1a-f0bb-3ac3-a57b-eaa017765169","name":"Vehicles","categoryPath":["Conseq_FFES_Paris"],"categoryType":"Process"},"processType":"UNIT_PROCESS","infrastructureProcess":false,"processDocumentation":{"@type":"ProcessDocumentation","copyright":false,"creationDate":"2019-09-13T15:08:26.844+02:00"},"lastInternalId":9,"exchanges":[{"@type":"Exchange","avoidedProduct":false,"input":false,"amount":1.0,"internalId":1,"flow":{"@type":"Flow","@id":"235bf1c3-6666-41cf-949e-4cde3f90dae6","name":"Shared_bicycle_1Unit","flowType":"PRODUCT_FLOW","refUnit":"Item(s)"},"unit":{"@type":"Unit","@id":"6dabe201-aaac-4509-92f0-d00c26cb72ab","name":"Item(s)"},"flowProperty":{"@type":"FlowProperty","@id":"01846770-4cfe-4a25-8ad9-919d8d378345","name":"Number of items","categoryPath":["Technical flow properties"]},"quantitativeReference":true},{"@type":"Exchange","avoidedProduct":false,"input":true,"amount":1.2999999999999998,"amountFormula":"1/3*3.9","internalId":9,"defaultProvider":{"@type":"Process","@id":"4ef6da78-1d13-3f6d-b900-dc4f2f5408d7","name":"battery production, Li-ion, rechargeable, prismatic | battery, Li-ion, rechargeable, prismatic | conseq. long-term, S","categoryPath":["C:Manufacturing","27:Manufacture of electrical equipment","272:Manufacture of batteries and accumulators","2720:Manufacture of batteries and accumulators"],"processType":"LCI_RESULT","location":"GLO"},"flow":{"@type":"Flow","@id":"2886ae0d-d629-33c4-a117-fd98c70936c5","name":"battery, Li-ion, rechargeable, prismatic | battery production, Li-ion, rechargeable, prismatic","categoryPath":["C:Manufacturing","27:Manufacture of electrical equipment","272:Manufacture of batteries and accumulators","2720:Manufacture of batteries and accumulators"],"flowType":"PRODUCT_FLOW","location":"GLO","refUnit":"kg"},"unit":{"@type":"Unit","@id":"20aadc24-a391-41cf-b340-3e4529f44bde","name":"kg"},"flowProperty":{"@type":"FlowProperty","@id":"93a60a56-a3c8-11da-a746-0800200b9a66","name":"Mass","categoryPath":["Technical flow properties"]}},{"@type":"Exchange","avoidedProduct":false,"input":true,"amount":-1.2999999999999998,"amountFormula":"-1/3*3.9","internalId":8,"defaultProvider":{"@type":"Process","@id":"b4bcb81a-a20b-3d0a-9a6c-58e6f7525c34","name":"market for used Li-ion battery | used Li-ion battery | conseq. long-term, S","categoryPath":["E:Water supply; sewerage, waste management and remediation activities","38:Waste collection, treatment and disposal activities; materials recovery","383:Materials recovery","3830:Materials recovery"],"processType":"LCI_RESULT","location":"GLO"},"flow":{"@type":"Flow","@id":"bac470d9-4d5a-3599-9009-95581a16a612","name":"used Li-ion battery | market for used Li-ion battery","categoryPath":["E:Water supply; sewerage, waste management and remediation activities","38:Waste collection, treatment and disposal activities; materials recovery","383:Materials recovery","3830:Materials recovery"],"flowType":"PRODUCT_FLOW","location":"GLO","refUnit":"kg"},"unit":{"@type":"Unit","@id":"20aadc24-a391-41cf-b340-3e4529f44bde","name":"kg"},"flowProperty":{"@type":"FlowProperty","@id":"93a60a56-a3c8-11da-a746-0800200b9a66","name":"Mass","categoryPath":["Technical flow properties"]}},{"@type":"Exchange","avoidedProduct":false,"input":true,"amount":1.211764705882353,"amountFormula":"20.6/17","internalId":6,"defaultProvider":{"@type":"Process","@id":"b8c4830b-35ea-37a7-b705-f62eb0b1daab","name":"market for maintenance, bicycle | maintenance, bicycle | conseq. long-term, S","categoryPath":["S:Other service activities","95:Repair of computers and personal and household goods","952:Repair of personal and household goods","9529:Repair of other personal and household goods"],"processType":"LCI_RESULT","location":"GLO"},"flow":{"@type":"Flow","@id":"b013416f-8eb4-3341-906b-9229c9539e18","name":"maintenance, bicycle | market for maintenance, bicycle","categoryPath":["S:Other service activities","95:Repair of computers and personal and household goods","952:Repair of personal and household goods","9529:Repair of other personal and household goods"],"flowType":"PRODUCT_FLOW","location":"GLO","refUnit":"Item(s)"},"unit":{"@type":"Unit","@id":"6dabe201-aaac-4509-92f0-d00c26cb72ab","name":"Item(s)"},"flowProperty":{"@type":"FlowProperty","@id":"01846770-4cfe-4a25-8ad9-919d8d378345","name":"Number of items","categoryPath":["Technical flow properties"]}},{"@type":"Exchange","avoidedProduct":false,"input":true,"amount":1.211764705882353,"amountFormula":"20.6/17","internalId":2,"defaultProvider":{"@type":"Process","@id":"08cf3046-e40e-3edb-a99d-d2452fbb7646","name":"market for bicycle | bicycle | conseq. long-term, S","categoryPath":["C:Manufacturing","30:Manufacture of other transport equipment","309:Manufacture of transport equipment n.e.c.","3092:Manufacture of bicycles and invalid carriages"],"processType":"LCI_RESULT","location":"GLO"},"flow":{"@type":"Flow","@id":"95c802b9-272e-392b-b2a1-f6ecfb30f30f","name":"bicycle | market for bicycle","categoryPath":["C:Manufacturing","30:Manufacture of other transport equipment","309:Manufacture of transport equipment n.e.c.","3092:Manufacture of bicycles and invalid carriages"],"flowType":"PRODUCT_FLOW","location":"GLO","refUnit":"Item(s)"},"unit":{"@type":"Unit","@id":"6dabe201-aaac-4509-92f0-d00c26cb72ab","name":"Item(s)"},"flowProperty":{"@type":"FlowProperty","@id":"01846770-4cfe-4a25-8ad9-919d8d378345","name":"Number of items","categoryPath":["Technical flow properties"]}}]}