{"@context":"http://greendelta.github.io/olca-schema/context.jsonld","@type":"Flow","@id":"03328d71-c84e-358e-ac39-1e6a187c621e","name":"train, passenger, regional | train production, passenger, regional","description":"EcoSpold 2 intermediate exchange, ID \u003d b18e8b58-e747-44ac-8864-76ab7994b6c6","version":"00.00.001","lastChange":"2019-09-29T13:07:47.117+02:00","category":{"@type":"Category","@id":"6c6a1dbb-b499-389a-9db1-46ce237686dc","name":"3020:Manufacture of railway locomotives and rolling stock","categoryPath":["C:Manufacturing","30:Manufacture of other transport equipment","302:Manufacture of railway locomotives and rolling stock"],"categoryType":"Flow"},"flowType":"PRODUCT_FLOW","infrastructureFlow":false,"location":{"@type":"Location","@id":"f1965a85-7bc2-35d2-afe2-2023aa5ab50d","name":"Rest-of-World"},"flowProperties":[{"@type":"FlowPropertyFactor","referenceFlowProperty":true,"flowProperty":{"@type":"FlowProperty","@id":"01846770-4cfe-4a25-8ad9-919d8d378345","name":"Number of items","categoryPath":["Technical flow properties"]},"conversionFactor":1.0}]}