{"@context":"http://greendelta.github.io/olca-schema/context.jsonld","@type":"Flow","@id":"05383fda-457c-3892-9bc0-7990484f4237","name":"tram | tram production","description":"EcoSpold 2 intermediate exchange, ID \u003d 16107ec9-1f44-4871-b9aa-6841f8fe3992","version":"00.00.001","lastChange":"2019-09-29T13:07:47.121+02:00","category":{"@type":"Category","@id":"6c6a1dbb-b499-389a-9db1-46ce237686dc","name":"3020:Manufacture of railway locomotives and rolling stock","categoryPath":["C:Manufacturing","30:Manufacture of other transport equipment","302:Manufacture of railway locomotives and rolling stock"],"categoryType":"Flow"},"flowType":"PRODUCT_FLOW","infrastructureFlow":false,"location":{"@type":"Location","@id":"d66c264e-1dbd-33e6-911d-3ffc70908e8e","name":"Europe"},"flowProperties":[{"@type":"FlowPropertyFactor","referenceFlowProperty":true,"flowProperty":{"@type":"FlowProperty","@id":"01846770-4cfe-4a25-8ad9-919d8d378345","name":"Number of items","categoryPath":["Technical flow properties"]},"conversionFactor":1.0}]}