{"@context":"http://greendelta.github.io/olca-schema/context.jsonld","@type":"Flow","@id":"090e6b25-dae6-46d9-8132-97644111ff40","name":"Personal_bicycle_1Unit","description":"","version":"00.00.000","flowType":"PRODUCT_FLOW","infrastructureFlow":false,"flowProperties":[{"@type":"FlowPropertyFactor","referenceFlowProperty":true,"flowProperty":{"@type":"FlowProperty","@id":"01846770-4cfe-4a25-8ad9-919d8d378345","name":"Number of items","categoryPath":["Technical flow properties"]},"conversionFactor":1.0}]}