{"@context":"http://greendelta.github.io/olca-schema/context.jsonld","@type":"Flow","@id":"0983324c-fbac-3da3-8326-0b63fd873eab","name":"electricity, high voltage | market for electricity, high voltage","description":"EcoSpold 2 intermediate exchange, ID \u003d 66c93e71-f32b-4591-901c-55395db5c132","version":"00.00.001","lastChange":"2019-09-29T13:08:16.706+02:00","category":{"@type":"Category","@id":"0e6149ca-24d7-311e-a412-f492c801067b","name":"3510:Electric power generation, transmission and distribution","categoryPath":["D:Electricity, gas, steam and air conditioning supply","35:Electricity, gas, steam and air conditioning supply","351:Electric power generation, transmission and distribution"],"categoryType":"Flow"},"flowType":"PRODUCT_FLOW","infrastructureFlow":false,"location":{"@type":"Location","@id":"82a9e4d2-6595-387a-b6e4-42391d8c5bba","name":"France"},"flowProperties":[{"@type":"FlowPropertyFactor","referenceFlowProperty":true,"flowProperty":{"@type":"FlowProperty","@id":"f6811440-ee37-11de-8a39-0800200c9a66","name":"Energy","categoryPath":["Technical flow properties"]},"conversionFactor":1.0}]}