{"@context":"http://greendelta.github.io/olca-schema/context.jsonld","@type":"Flow","@id":"12abcefd-300f-38af-9482-0002e79a30ed","name":"diesel, low-sulfur | market group for diesel, low-sulfur","description":"EcoSpold 2 intermediate exchange, ID \u003d b80eb2d5-1256-41bb-a61d-83252d0dfd4d","version":"00.00.001","lastChange":"2019-09-29T13:07:36.280+02:00","category":{"@type":"Category","@id":"dbad782b-61cf-3a4a-b220-d54dcef60644","name":"1920:Manufacture of refined petroleum products","categoryPath":["C:Manufacturing","19:Manufacture of coke and refined petroleum products","192:Manufacture of refined petroleum products"],"categoryType":"Flow"},"flowType":"PRODUCT_FLOW","infrastructureFlow":false,"location":{"@type":"Location","@id":"d66c264e-1dbd-33e6-911d-3ffc70908e8e","name":"Europe"},"flowProperties":[{"@type":"FlowPropertyFactor","referenceFlowProperty":true,"flowProperty":{"@type":"FlowProperty","@id":"93a60a56-a3c8-11da-a746-0800200b9a66","name":"Mass","categoryPath":["Technical flow properties"]},"conversionFactor":1.0}]}