{"@context":"http://greendelta.github.io/olca-schema/context.jsonld","@type":"Flow","@id":"1584f24e-106b-32fc-9e3f-2836c148096c","name":"maintenance, light commercial vehicle | maintenance, light commercial vehicle","description":"EcoSpold 2 intermediate exchange, ID \u003d eea4367a-96f1-46ca-8c58-8857714fc670","version":"00.00.001","lastChange":"2019-09-29T13:08:37.469+02:00","category":{"@type":"Category","@id":"3d77b353-76b6-30a7-8738-2272cb3362ab","name":"4520:Maintenance and repair of motor vehicles","categoryPath":["G:Wholesale and retail trade; repair of motor vehicles and motorcycles","45:Wholesale and retail trade and repair of motor vehicles and motorcycles","452:Maintenance and repair of motor vehicles"],"categoryType":"Flow"},"flowType":"PRODUCT_FLOW","infrastructureFlow":false,"location":{"@type":"Location","@id":"d66c264e-1dbd-33e6-911d-3ffc70908e8e","name":"Europe"},"flowProperties":[{"@type":"FlowPropertyFactor","referenceFlowProperty":true,"flowProperty":{"@type":"FlowProperty","@id":"01846770-4cfe-4a25-8ad9-919d8d378345","name":"Number of items","categoryPath":["Technical flow properties"]},"conversionFactor":1.0}]}