{"@context":"http://greendelta.github.io/olca-schema/context.jsonld","@type":"Flow","@id":"1828bcbc-2ff2-357d-93e0-878526a6ce84","name":"transport, freight, lorry 16-32 metric ton, EURO4 | market for transport, freight, lorry 16-32 metric ton, EURO4","description":"EcoSpold 2 intermediate exchange, ID \u003d fb655769-10d8-446b-87f8-44ca60e20ed9","version":"00.00.001","lastChange":"2019-09-29T13:08:40.224+02:00","category":{"@type":"Category","@id":"fa86d4bf-53ee-3275-9994-a9041149389f","name":"4923:Freight transport by road","categoryPath":["H:Transportation and storage","49:Land transport and transport via pipelines","492:Other land transport"],"categoryType":"Flow"},"flowType":"PRODUCT_FLOW","infrastructureFlow":false,"location":{"@type":"Location","@id":"56bca136-90bb-3a77-9abb-7ce558af711e","name":"Global"},"flowProperties":[{"@type":"FlowPropertyFactor","referenceFlowProperty":true,"flowProperty":{"@type":"FlowProperty","@id":"838aaa20-0117-11db-92e3-0800200c9a66","name":"Goods transport (mass*distance)","categoryPath":["Technical flow properties"]},"conversionFactor":1.0}]}