{"@context":"http://greendelta.github.io/olca-schema/context.jsonld","@type":"Flow","@id":"195464c4-522b-3848-8cb2-48d152d16792","name":"transistor, wired, small size, through-hole mounting | market for transistor, wired, small size, through-hole mounting","description":"EcoSpold 2 intermediate exchange, ID \u003d 233843d2-7fda-443f-8735-547f06711c6d","version":"00.00.001","lastChange":"2019-09-29T13:07:46.322+02:00","category":{"@type":"Category","@id":"b0db2857-c3cf-3299-badf-682965b00923","name":"2610:Manufacture of electronic components and boards","categoryPath":["C:Manufacturing","26:Manufacture of computer, electronic and optical products","261:Manufacture of electronic components and boards"],"categoryType":"Flow"},"flowType":"PRODUCT_FLOW","infrastructureFlow":false,"location":{"@type":"Location","@id":"56bca136-90bb-3a77-9abb-7ce558af711e","name":"Global"},"flowProperties":[{"@type":"FlowPropertyFactor","referenceFlowProperty":true,"flowProperty":{"@type":"FlowProperty","@id":"93a60a56-a3c8-11da-a746-0800200b9a66","name":"Mass","categoryPath":["Technical flow properties"]},"conversionFactor":1.0}]}