{"@context":"http://greendelta.github.io/olca-schema/context.jsonld","@type":"Flow","@id":"1b6a35b8-f6c8-404d-9c0e-e09b8fdb2d9e","name":"Methane, dichloro-, HCC-30","version":"00.00.000","category":{"@type":"Category","@id":"ac947fa6-2257-3eb0-9962-7ee8c2f051bd","name":"surface water","categoryPath":["Elementary flows","Emission to water"],"categoryType":"Flow"},"flowType":"ELEMENTARY_FLOW","cas":"000075-09-2","formula":"CH2Cl2","infrastructureFlow":false,"flowProperties":[{"@type":"FlowPropertyFactor","referenceFlowProperty":true,"flowProperty":{"@type":"FlowProperty","@id":"93a60a56-a3c8-11da-a746-0800200b9a66","name":"Mass","categoryPath":["Technical flow properties"]},"conversionFactor":1.0}]}