{"@context":"http://greendelta.github.io/olca-schema/context.jsonld","@type":"Flow","@id":"1b7eddcc-50c4-39e2-9c67-7fe3168e0168","name":"steel, low-alloyed | market for steel, low-alloyed","description":"EcoSpold 2 intermediate exchange, ID \u003d 817c3650-4fed-4ef2-b9b6-404a198834e6","version":"00.00.001","lastChange":"2019-09-29T13:07:44.901+02:00","category":{"@type":"Category","@id":"edab6b22-b6f8-3062-a55b-1c6a23c358f5","name":"2410:Manufacture of basic iron and steel","categoryPath":["C:Manufacturing","24:Manufacture of basic metals","241:Manufacture of basic iron and steel"],"categoryType":"Flow"},"flowType":"PRODUCT_FLOW","infrastructureFlow":false,"location":{"@type":"Location","@id":"56bca136-90bb-3a77-9abb-7ce558af711e","name":"Global"},"flowProperties":[{"@type":"FlowPropertyFactor","referenceFlowProperty":true,"flowProperty":{"@type":"FlowProperty","@id":"93a60a56-a3c8-11da-a746-0800200b9a66","name":"Mass","categoryPath":["Technical flow properties"]},"conversionFactor":1.0}]}