{"@context":"http://greendelta.github.io/olca-schema/context.jsonld","@type":"Flow","@id":"1e6a88bc-2b03-3b7d-b90b-1cdb9549b90a","name":"used light commercial vehicle | treatment of used light commercial vehicle","description":"EcoSpold 2 intermediate exchange, ID \u003d 2876729c-d7d3-4c0e-9784-c197bd166083","version":"00.00.001","lastChange":"2019-09-29T13:08:31.211+02:00","category":{"@type":"Category","@id":"21049161-42a8-35e5-9b55-87b2587ab132","name":"3830:Materials recovery","categoryPath":["E:Water supply; sewerage, waste management and remediation activities","38:Waste collection, treatment and disposal activities; materials recovery","383:Materials recovery"],"categoryType":"Flow"},"flowType":"PRODUCT_FLOW","infrastructureFlow":false,"location":{"@type":"Location","@id":"f1965a85-7bc2-35d2-afe2-2023aa5ab50d","name":"Rest-of-World"},"flowProperties":[{"@type":"FlowPropertyFactor","referenceFlowProperty":true,"flowProperty":{"@type":"FlowProperty","@id":"01846770-4cfe-4a25-8ad9-919d8d378345","name":"Number of items","categoryPath":["Technical flow properties"]},"conversionFactor":1.0}]}