{"@context":"http://greendelta.github.io/olca-schema/context.jsonld","@type":"Flow","@id":"223ab726-44a8-3bbf-9a37-c189cdfcfa6f","name":"charger, for electric scooter | charger production, for electric scooter","description":"EcoSpold 2 intermediate exchange, ID \u003d bbd1420d-2c93-45f3-bda3-73ef11d0c3dc","version":"00.00.001","lastChange":"2019-09-29T13:07:45.808+02:00","category":{"@type":"Category","@id":"b0db2857-c3cf-3299-badf-682965b00923","name":"2610:Manufacture of electronic components and boards","categoryPath":["C:Manufacturing","26:Manufacture of computer, electronic and optical products","261:Manufacture of electronic components and boards"],"categoryType":"Flow"},"flowType":"PRODUCT_FLOW","infrastructureFlow":false,"location":{"@type":"Location","@id":"56bca136-90bb-3a77-9abb-7ce558af711e","name":"Global"},"flowProperties":[{"@type":"FlowPropertyFactor","referenceFlowProperty":true,"flowProperty":{"@type":"FlowProperty","@id":"93a60a56-a3c8-11da-a746-0800200b9a66","name":"Mass","categoryPath":["Technical flow properties"]},"conversionFactor":1.0}]}