{"@context":"http://greendelta.github.io/olca-schema/context.jsonld","@type":"Flow","@id":"23f02ed4-69dc-47be-890b-f0a3757b33cf","name":"RER_indirect_UStage_1km","description":"","version":"00.00.000","flowType":"PRODUCT_FLOW","infrastructureFlow":false,"flowProperties":[{"@type":"FlowPropertyFactor","referenceFlowProperty":true,"flowProperty":{"@type":"FlowProperty","@id":"01846770-4cfe-4a25-8ad9-919d8d378345","name":"Number of items","categoryPath":["Technical flow properties"]},"conversionFactor":1.0}]}