{"@context":"http://greendelta.github.io/olca-schema/context.jsonld","@type":"Flow","@id":"2886ae0d-d629-33c4-a117-fd98c70936c5","name":"battery, Li-ion, rechargeable, prismatic | battery production, Li-ion, rechargeable, prismatic","description":"EcoSpold 2 intermediate exchange, ID \u003d 18c7d197-ca25-4e23-b57a-4c9e379ae1bc","version":"00.00.001","lastChange":"2019-09-29T13:07:35.492+02:00","category":{"@type":"Category","@id":"b3949948-bbf1-35b8-85d7-2e9be60aa289","name":"2720:Manufacture of batteries and accumulators","categoryPath":["C:Manufacturing","27:Manufacture of electrical equipment","272:Manufacture of batteries and accumulators"],"categoryType":"Flow"},"flowType":"PRODUCT_FLOW","infrastructureFlow":false,"location":{"@type":"Location","@id":"56bca136-90bb-3a77-9abb-7ce558af711e","name":"Global"},"flowProperties":[{"@type":"FlowPropertyFactor","referenceFlowProperty":true,"flowProperty":{"@type":"FlowProperty","@id":"93a60a56-a3c8-11da-a746-0800200b9a66","name":"Mass","categoryPath":["Technical flow properties"]},"conversionFactor":1.0}]}