{"@context":"http://greendelta.github.io/olca-schema/context.jsonld","@type":"Flow","@id":"288b8834-8b6f-4855-8168-aaebc5b08b05","name":"Private_car_indirect_UStage_1km","description":"","version":"00.00.000","flowType":"PRODUCT_FLOW","infrastructureFlow":false,"flowProperties":[{"@type":"FlowPropertyFactor","referenceFlowProperty":true,"flowProperty":{"@type":"FlowProperty","@id":"01846770-4cfe-4a25-8ad9-919d8d378345","name":"Number of items","categoryPath":["Technical flow properties"]},"conversionFactor":1.0}]}