{"@context":"http://greendelta.github.io/olca-schema/context.jsonld","@type":"Flow","@id":"296e1d00-e3bc-4f2c-8f3c-8ef8bd7b52c9","name":"Diesel_bus_indirect_UStage_1km","description":"","version":"00.00.000","flowType":"PRODUCT_FLOW","infrastructureFlow":false,"flowProperties":[{"@type":"FlowPropertyFactor","referenceFlowProperty":true,"flowProperty":{"@type":"FlowProperty","@id":"01846770-4cfe-4a25-8ad9-919d8d378345","name":"Number of items","categoryPath":["Technical flow properties"]},"conversionFactor":1.0}]}