{"@context":"http://greendelta.github.io/olca-schema/context.jsonld","@type":"Flow","@id":"324dae8c-de77-36b6-b378-8cd96c415a49","name":"bus | bus production","description":"EcoSpold 2 intermediate exchange, ID \u003d d59e8c63-4d09-4055-9b75-24ee6db4533e","version":"00.00.001","lastChange":"2019-09-29T13:07:46.790+02:00","category":{"@type":"Category","@id":"7814bef0-92b4-332c-9e4f-023a18d4dd55","name":"2910:Manufacture of motor vehicles","categoryPath":["C:Manufacturing","29:Manufacture of motor vehicles, trailers and semi-trailers","291:Manufacture of motor vehicles"],"categoryType":"Flow"},"flowType":"PRODUCT_FLOW","infrastructureFlow":false,"location":{"@type":"Location","@id":"d66c264e-1dbd-33e6-911d-3ffc70908e8e","name":"Europe"},"flowProperties":[{"@type":"FlowPropertyFactor","referenceFlowProperty":true,"flowProperty":{"@type":"FlowProperty","@id":"01846770-4cfe-4a25-8ad9-919d8d378345","name":"Number of items","categoryPath":["Technical flow properties"]},"conversionFactor":1.0}]}