{"@context":"http://greendelta.github.io/olca-schema/context.jsonld","@type":"Flow","@id":"326ab689-dc21-4a9b-86ba-c44d2cc46d0c","name":"Electric_Taxi_UStage_1km","description":"","version":"00.00.001","lastChange":"2019-12-13T16:00:23.600+01:00","flowType":"PRODUCT_FLOW","infrastructureFlow":false,"flowProperties":[{"@type":"FlowPropertyFactor","referenceFlowProperty":true,"flowProperty":{"@type":"FlowProperty","@id":"01846770-4cfe-4a25-8ad9-919d8d378345","name":"Number of items","categoryPath":["Technical flow properties"]},"conversionFactor":1.0}]}