{"@context":"http://greendelta.github.io/olca-schema/context.jsonld","@type":"Flow","@id":"334b38bd-dd69-3ab2-869d-4e89583278b9","name":"maintenance, tram | maintenance, tram","description":"EcoSpold 2 intermediate exchange, ID \u003d f62f9230-918a-4876-b361-94f17166d5fd","version":"00.00.001","lastChange":"2019-09-29T13:07:47.432+02:00","category":{"@type":"Category","@id":"1472dffb-b817-3fc3-8c88-9914aba7df3f","name":"3315:Repair of transport equipment, except motor vehicles","categoryPath":["C:Manufacturing","33:Repair and installation of machinery and equipment","331:Repair of fabricated metal products, machinery and equipment"],"categoryType":"Flow"},"flowType":"PRODUCT_FLOW","infrastructureFlow":false,"location":{"@type":"Location","@id":"f1965a85-7bc2-35d2-afe2-2023aa5ab50d","name":"Rest-of-World"},"flowProperties":[{"@type":"FlowPropertyFactor","referenceFlowProperty":true,"flowProperty":{"@type":"FlowProperty","@id":"01846770-4cfe-4a25-8ad9-919d8d378345","name":"Number of items","categoryPath":["Technical flow properties"]},"conversionFactor":1.0}]}