{"@context":"http://greendelta.github.io/olca-schema/context.jsonld","@type":"Flow","@id":"355785ee-56e0-455b-aaa6-bee43c82b49c","name":"Fluorine, 4.5% in apatite, 3% in crude ore, in ground","version":"00.00.000","category":{"@type":"Category","@id":"8e6ddbf4-dcee-31e2-acd1-1f1c2694a66d","name":"in ground","categoryPath":["Elementary flows","Resource"],"categoryType":"Flow"},"flowType":"ELEMENTARY_FLOW","cas":"007782-41-4","formula":"F","infrastructureFlow":false,"flowProperties":[{"@type":"FlowPropertyFactor","referenceFlowProperty":true,"flowProperty":{"@type":"FlowProperty","@id":"93a60a56-a3c8-11da-a746-0800200b9a66","name":"Mass","categoryPath":["Technical flow properties"]},"conversionFactor":1.0}]}