{"@context":"http://greendelta.github.io/olca-schema/context.jsonld","@type":"Flow","@id":"38665712-bd04-38ed-bf53-b53743f030d7","name":"used electric bicycle | market for used electric bicycle","description":"EcoSpold 2 intermediate exchange, ID \u003d 421b0261-a1c0-4546-94f5-dfc8c6dfcc11","version":"00.00.001","lastChange":"2019-09-29T13:08:31.133+02:00","category":{"@type":"Category","@id":"21049161-42a8-35e5-9b55-87b2587ab132","name":"3830:Materials recovery","categoryPath":["E:Water supply; sewerage, waste management and remediation activities","38:Waste collection, treatment and disposal activities; materials recovery","383:Materials recovery"],"categoryType":"Flow"},"flowType":"PRODUCT_FLOW","infrastructureFlow":false,"location":{"@type":"Location","@id":"56bca136-90bb-3a77-9abb-7ce558af711e","name":"Global"},"flowProperties":[{"@type":"FlowPropertyFactor","referenceFlowProperty":true,"flowProperty":{"@type":"FlowProperty","@id":"01846770-4cfe-4a25-8ad9-919d8d378345","name":"Number of items","categoryPath":["Technical flow properties"]},"conversionFactor":1.0}]}