{"@context":"http://greendelta.github.io/olca-schema/context.jsonld","@type":"Flow","@id":"39792e08-9969-31a8-9c36-7df2f7ffbf70","name":"welding, arc, aluminium | market for welding, arc, aluminium","description":"EcoSpold 2 intermediate exchange, ID \u003d 9087eb5f-4662-4cb1-a524-f5cb80b1238a","version":"00.00.001","lastChange":"2019-09-29T13:07:33.944+02:00","category":{"@type":"Category","@id":"c6eb0625-28d0-3fae-9f43-345555c8d54a","name":"2592:Treatment and coating of metals; machining","categoryPath":["C:Manufacturing","25:Manufacture of fabricated metal products, except machinery and equipment","259:Manufacture of other fabricated metal products; metalworking service activit"],"categoryType":"Flow"},"flowType":"PRODUCT_FLOW","infrastructureFlow":false,"location":{"@type":"Location","@id":"56bca136-90bb-3a77-9abb-7ce558af711e","name":"Global"},"flowProperties":[{"@type":"FlowPropertyFactor","referenceFlowProperty":true,"flowProperty":{"@type":"FlowProperty","@id":"838aaa23-0117-11db-92e3-0800200c9a66","name":"Length","categoryPath":["Technical flow properties"]},"conversionFactor":1.0}]}