{"@context":"http://greendelta.github.io/olca-schema/context.jsonld","@type":"Flow","@id":"3bd767c9-3c50-37dd-b27d-d55949ef0c33","name":"motor scooter, 50 cubic cm engine | market for motor scooter, 50 cubic cm engine","description":"EcoSpold 2 intermediate exchange, ID \u003d 93a276cb-c88c-4fd2-81be-1005c720e285","version":"00.00.001","lastChange":"2019-09-29T13:07:47.257+02:00","category":{"@type":"Category","@id":"f503875e-eb57-3e59-8444-1b5180ffc34c","name":"3091:Manufacture of motorcycles","categoryPath":["C:Manufacturing","30:Manufacture of other transport equipment","309:Manufacture of transport equipment n.e.c."],"categoryType":"Flow"},"flowType":"PRODUCT_FLOW","infrastructureFlow":false,"location":{"@type":"Location","@id":"56bca136-90bb-3a77-9abb-7ce558af711e","name":"Global"},"flowProperties":[{"@type":"FlowPropertyFactor","referenceFlowProperty":true,"flowProperty":{"@type":"FlowProperty","@id":"01846770-4cfe-4a25-8ad9-919d8d378345","name":"Number of items","categoryPath":["Technical flow properties"]},"conversionFactor":1.0}]}