{"@context":"http://greendelta.github.io/olca-schema/context.jsonld","@type":"Flow","@id":"41069beb-2fa2-4c72-993c-0c6cf98b949d","name":"Personal_car_1Unit","description":"","version":"00.00.000","flowType":"PRODUCT_FLOW","infrastructureFlow":false,"flowProperties":[{"@type":"FlowPropertyFactor","referenceFlowProperty":true,"flowProperty":{"@type":"FlowProperty","@id":"01846770-4cfe-4a25-8ad9-919d8d378345","name":"Number of items","categoryPath":["Technical flow properties"]},"conversionFactor":1.0}]}