{"@context":"http://greendelta.github.io/olca-schema/context.jsonld","@type":"Flow","@id":"48f9d166-c0ed-42a7-b3ea-854a16d76ad8","name":"residual wood, dry","description":"EcoSpold 2 elementary exchange, ID \u003d 48f9d166-c0ed-42a7-b3ea-854a16d76ad8","version":"00.00.001","lastChange":"2019-09-29T13:07:17.500+02:00","category":{"@type":"Category","@id":"a8ff38d2-5def-39f7-a1f1-0effd165fdc7","name":"unspecified","categoryPath":["social"],"categoryType":"Flow"},"flowType":"ELEMENTARY_FLOW","infrastructureFlow":false,"flowProperties":[{"@type":"FlowPropertyFactor","referenceFlowProperty":true,"flowProperty":{"@type":"FlowProperty","@id":"93a60a56-a3c8-22da-a746-0800200c9a66","name":"Volume","categoryPath":["Technical flow properties"]},"conversionFactor":1.0}]}