{"@context":"http://greendelta.github.io/olca-schema/context.jsonld","@type":"Flow","@id":"4908c355-b508-42ae-bea8-bab354a30996","name":"Taxi_ride_hailing_indirect_UStage_1km","description":"","version":"00.00.000","flowType":"PRODUCT_FLOW","infrastructureFlow":false,"flowProperties":[{"@type":"FlowPropertyFactor","referenceFlowProperty":true,"flowProperty":{"@type":"FlowProperty","@id":"01846770-4cfe-4a25-8ad9-919d8d378345","name":"Number of items","categoryPath":["Technical flow properties"]},"conversionFactor":1.0}]}