{"@context":"http://greendelta.github.io/olca-schema/context.jsonld","@type":"Flow","@id":"494eb62d-3e16-4a81-b344-6d6dfd9fd4e2","name":"Methane, bromochlorodifluoro-, Halon 1211","version":"00.00.000","category":{"@type":"Category","@id":"52d41f57-0e7d-35cf-b4ea-7c9d6c2f9c28","name":"low population density","categoryPath":["Elementary flows","Emission to air"],"categoryType":"Flow"},"flowType":"ELEMENTARY_FLOW","cas":"000353-59-3","formula":"CBrClF2","infrastructureFlow":false,"flowProperties":[{"@type":"FlowPropertyFactor","referenceFlowProperty":true,"flowProperty":{"@type":"FlowProperty","@id":"93a60a56-a3c8-11da-a746-0800200b9a66","name":"Mass","categoryPath":["Technical flow properties"]},"conversionFactor":1.0}]}