{"@context":"http://greendelta.github.io/olca-schema/context.jsonld","@type":"Flow","@id":"4be81c99-1646-36f5-84f9-c83e6cc249c0","name":"electric scooter, without battery | electric scooter production, without battery","description":"EcoSpold 2 intermediate exchange, ID \u003d fbcabacc-60c3-4849-8b8f-125ae1b6fc3a","version":"00.00.001","lastChange":"2019-09-29T13:07:47.241+02:00","category":{"@type":"Category","@id":"f503875e-eb57-3e59-8444-1b5180ffc34c","name":"3091:Manufacture of motorcycles","categoryPath":["C:Manufacturing","30:Manufacture of other transport equipment","309:Manufacture of transport equipment n.e.c."],"categoryType":"Flow"},"flowType":"PRODUCT_FLOW","infrastructureFlow":false,"location":{"@type":"Location","@id":"56bca136-90bb-3a77-9abb-7ce558af711e","name":"Global"},"flowProperties":[{"@type":"FlowPropertyFactor","referenceFlowProperty":true,"flowProperty":{"@type":"FlowProperty","@id":"93a60a56-a3c8-11da-a746-0800200b9a66","name":"Mass","categoryPath":["Technical flow properties"]},"conversionFactor":1.0}]}