{"@context":"http://greendelta.github.io/olca-schema/context.jsonld","@type":"Flow","@id":"4f2abbfd-4b51-3b01-9a4b-52eaca1041e4","name":"heat, district or industrial, natural gas | heat production, natural gas, at industrial furnace low-NOx \u003e100kW","description":"EcoSpold 2 intermediate exchange, ID \u003d 1125e767-7b5d-442e-81d6-9b0d3e1919ac","version":"00.00.001","lastChange":"2019-09-29T13:08:22.661+02:00","category":{"@type":"Category","@id":"9f49f2e1-a276-37bb-882b-044af9bb8c5d","name":"3530:Steam and air conditioning supply","categoryPath":["D:Electricity, gas, steam and air conditioning supply","35:Electricity, gas, steam and air conditioning supply","353:Steam and air conditioning supply"],"categoryType":"Flow"},"flowType":"PRODUCT_FLOW","infrastructureFlow":false,"location":{"@type":"Location","@id":"817ed804-f0ed-3175-b39d-7576a1c242b1","name":"Europe without Switzerland"},"flowProperties":[{"@type":"FlowPropertyFactor","referenceFlowProperty":true,"flowProperty":{"@type":"FlowProperty","@id":"f6811440-ee37-11de-8a39-0800200c9a66","name":"Energy","categoryPath":["Technical flow properties"]},"conversionFactor":1.0}]}