{"@context":"http://greendelta.github.io/olca-schema/context.jsonld","@type":"Flow","@id":"50bd1122-7131-4ecf-84a1-b8811b6ec077","name":"Streetcar_indirect_UStage_1km","description":"","version":"00.00.000","flowType":"PRODUCT_FLOW","infrastructureFlow":false,"flowProperties":[{"@type":"FlowPropertyFactor","referenceFlowProperty":true,"flowProperty":{"@type":"FlowProperty","@id":"01846770-4cfe-4a25-8ad9-919d8d378345","name":"Number of items","categoryPath":["Technical flow properties"]},"conversionFactor":1.0}]}