{"@context":"http://greendelta.github.io/olca-schema/context.jsonld","@type":"Flow","@id":"50efd463-1d93-3885-8e59-6e446e02e842","name":"maintenance, bus | maintenance, bus","description":"EcoSpold 2 intermediate exchange, ID \u003d 8aaef912-67db-46e5-ae88-e6e8350aadf5","version":"00.00.001","lastChange":"2019-09-29T13:08:37.488+02:00","category":{"@type":"Category","@id":"3d77b353-76b6-30a7-8738-2272cb3362ab","name":"4520:Maintenance and repair of motor vehicles","categoryPath":["G:Wholesale and retail trade; repair of motor vehicles and motorcycles","45:Wholesale and retail trade and repair of motor vehicles and motorcycles","452:Maintenance and repair of motor vehicles"],"categoryType":"Flow"},"flowType":"PRODUCT_FLOW","infrastructureFlow":false,"location":{"@type":"Location","@id":"f1965a85-7bc2-35d2-afe2-2023aa5ab50d","name":"Rest-of-World"},"flowProperties":[{"@type":"FlowPropertyFactor","referenceFlowProperty":true,"flowProperty":{"@type":"FlowProperty","@id":"01846770-4cfe-4a25-8ad9-919d8d378345","name":"Number of items","categoryPath":["Technical flow properties"]},"conversionFactor":1.0}]}