{"@context":"http://greendelta.github.io/olca-schema/context.jsonld","@type":"Flow","@id":"51510f07-b9f6-32a6-948e-65b6ecfa569a","name":"electricity, medium voltage, aluminium industry | market for electricity, medium voltage, aluminium industry","description":"EcoSpold 2 intermediate exchange, ID \u003d 4fcfb407-7879-42ad-9582-ab3fbfe5af10","version":"00.00.001","lastChange":"2019-09-29T13:08:19.211+02:00","category":{"@type":"Category","@id":"0e6149ca-24d7-311e-a412-f492c801067b","name":"3510:Electric power generation, transmission and distribution","categoryPath":["D:Electricity, gas, steam and air conditioning supply","35:Electricity, gas, steam and air conditioning supply","351:Electric power generation, transmission and distribution"],"categoryType":"Flow"},"flowType":"PRODUCT_FLOW","infrastructureFlow":false,"location":{"@type":"Location","@id":"7efdfc94-655a-35dc-aa3e-c85e9bb703fa","name":"China"},"flowProperties":[{"@type":"FlowPropertyFactor","referenceFlowProperty":true,"flowProperty":{"@type":"FlowProperty","@id":"f6811440-ee37-11de-8a39-0800200c9a66","name":"Energy","categoryPath":["Technical flow properties"]},"conversionFactor":1.0}]}