{"@context":"http://greendelta.github.io/olca-schema/context.jsonld","@type":"Flow","@id":"5a63c138-3d68-4d81-a4b8-2275e626dfdb","name":"electric_Taxi","description":"","version":"00.00.001","lastChange":"2019-12-13T15:54:57.830+01:00","flowType":"PRODUCT_FLOW","infrastructureFlow":false,"flowProperties":[{"@type":"FlowPropertyFactor","referenceFlowProperty":true,"flowProperty":{"@type":"FlowProperty","@id":"01846770-4cfe-4a25-8ad9-919d8d378345","name":"Number of items","categoryPath":["Technical flow properties"]},"conversionFactor":1.0}]}