{"@context":"http://greendelta.github.io/olca-schema/context.jsonld","@type":"Flow","@id":"5e3d3fe9-2c66-330e-8b4f-83e13b792120","name":"transport, freight, lorry, unspecified | transport, freight, lorry, all sizes, EURO5 to generic market for transport, freight, lorry, unspecified","description":"EcoSpold 2 intermediate exchange, ID \u003d cfbce515-3f54-4411-ad9d-3d26b7faa15a","version":"00.00.001","lastChange":"2019-09-29T13:08:39.796+02:00","category":{"@type":"Category","@id":"fa86d4bf-53ee-3275-9994-a9041149389f","name":"4923:Freight transport by road","categoryPath":["H:Transportation and storage","49:Land transport and transport via pipelines","492:Other land transport"],"categoryType":"Flow"},"flowType":"PRODUCT_FLOW","infrastructureFlow":false,"location":{"@type":"Location","@id":"f1965a85-7bc2-35d2-afe2-2023aa5ab50d","name":"Rest-of-World"},"flowProperties":[{"@type":"FlowPropertyFactor","referenceFlowProperty":true,"flowProperty":{"@type":"FlowProperty","@id":"838aaa20-0117-11db-92e3-0800200c9a66","name":"Goods transport (mass*distance)","categoryPath":["Technical flow properties"]},"conversionFactor":1.0}]}