{"@context":"http://greendelta.github.io/olca-schema/context.jsonld","@type":"Flow","@id":"63b65439-79a6-3df7-ac46-77eb62c8afc6","name":"municipal solid waste | market for municipal solid waste","description":"EcoSpold 2 intermediate exchange, ID \u003d 27da8130-82ba-485c-a800-b89efdcb0491","version":"00.00.001","lastChange":"2019-09-29T13:08:29.914+02:00","category":{"@type":"Category","@id":"0796c9fb-61f3-3efd-85e3-5a4f42a7bca9","name":"3821:Treatment and disposal of non-hazardous waste","categoryPath":["E:Water supply; sewerage, waste management and remediation activities","38:Waste collection, treatment and disposal activities; materials recovery","382:Waste treatment and disposal"],"categoryType":"Flow"},"flowType":"PRODUCT_FLOW","infrastructureFlow":false,"location":{"@type":"Location","@id":"f1965a85-7bc2-35d2-afe2-2023aa5ab50d","name":"Rest-of-World"},"flowProperties":[{"@type":"FlowPropertyFactor","referenceFlowProperty":true,"flowProperty":{"@type":"FlowProperty","@id":"93a60a56-a3c8-11da-a746-0800200b9a66","name":"Mass","categoryPath":["Technical flow properties"]},"conversionFactor":1.0}]}