{"@context":"http://greendelta.github.io/olca-schema/context.jsonld","@type":"Flow","@id":"6429864f-cad6-493c-9979-75f4c2b23437","name":"Shared_2_wheelers_1Unit","description":"","version":"00.00.000","flowType":"PRODUCT_FLOW","infrastructureFlow":false,"flowProperties":[{"@type":"FlowPropertyFactor","referenceFlowProperty":true,"flowProperty":{"@type":"FlowProperty","@id":"01846770-4cfe-4a25-8ad9-919d8d378345","name":"Number of items","categoryPath":["Technical flow properties"]},"conversionFactor":1.0}]}