{"@context":"http://greendelta.github.io/olca-schema/context.jsonld","@type":"Flow","@id":"79ee7f0d-513b-4fa0-af38-c51bcef4b9e6","name":"Personal_motorscooter_indirect_UStage_1km","description":"","version":"00.00.000","flowType":"PRODUCT_FLOW","infrastructureFlow":false,"flowProperties":[{"@type":"FlowPropertyFactor","referenceFlowProperty":true,"flowProperty":{"@type":"FlowProperty","@id":"01846770-4cfe-4a25-8ad9-919d8d378345","name":"Number of items","categoryPath":["Technical flow properties"]},"conversionFactor":1.0}]}