{"@context":"http://greendelta.github.io/olca-schema/context.jsonld","@type":"Flow","@id":"79f1ac53-e584-3f79-88a1-84afa9a5f5f3","name":"transport, freight train | market for transport, freight train","description":"EcoSpold 2 intermediate exchange, ID \u003d 0ace02fa-eca5-482d-a829-c18e46a52db4","version":"00.00.001","lastChange":"2019-09-29T13:08:39.105+02:00","category":{"@type":"Category","@id":"77265cea-114a-3114-b2a1-d93f7d0e832f","name":"4912:Freight rail transport","categoryPath":["H:Transportation and storage","49:Land transport and transport via pipelines","491:Transport via railways"],"categoryType":"Flow"},"flowType":"PRODUCT_FLOW","infrastructureFlow":false,"location":{"@type":"Location","@id":"7efdfc94-655a-35dc-aa3e-c85e9bb703fa","name":"China"},"flowProperties":[{"@type":"FlowPropertyFactor","referenceFlowProperty":true,"flowProperty":{"@type":"FlowProperty","@id":"838aaa20-0117-11db-92e3-0800200c9a66","name":"Goods transport (mass*distance)","categoryPath":["Technical flow properties"]},"conversionFactor":1.0}]}