{"@context":"http://greendelta.github.io/olca-schema/context.jsonld","@type":"Flow","@id":"7cd1d217-70a7-4452-abc4-3b1100763d6d","name":"Gold, Au 1.3E-4%, Ag 4.6E-5%, in ore, in ground","version":"00.00.000","category":{"@type":"Category","@id":"8e6ddbf4-dcee-31e2-acd1-1f1c2694a66d","name":"in ground","categoryPath":["Elementary flows","Resource"],"categoryType":"Flow"},"flowType":"ELEMENTARY_FLOW","cas":"007440-57-5","formula":"Au","infrastructureFlow":false,"flowProperties":[{"@type":"FlowPropertyFactor","referenceFlowProperty":true,"flowProperty":{"@type":"FlowProperty","@id":"93a60a56-a3c8-11da-a746-0800200b9a66","name":"Mass","categoryPath":["Technical flow properties"]},"conversionFactor":1.0}]}