{"@context":"http://greendelta.github.io/olca-schema/context.jsonld","@type":"Flow","@id":"7ebabe75-329d-3515-b7f5-e9f4045b537b","name":"heat, central or small-scale, other than natural gas | heat production, lignite briquette, at stove 5-15kW","description":"EcoSpold 2 intermediate exchange, ID \u003d dd80f0f2-f4d5-40f0-9035-09c1a7f3f07b","version":"00.00.001","lastChange":"2019-09-29T13:08:22.284+02:00","category":{"@type":"Category","@id":"9f49f2e1-a276-37bb-882b-044af9bb8c5d","name":"3530:Steam and air conditioning supply","categoryPath":["D:Electricity, gas, steam and air conditioning supply","35:Electricity, gas, steam and air conditioning supply","353:Steam and air conditioning supply"],"categoryType":"Flow"},"flowType":"PRODUCT_FLOW","infrastructureFlow":false,"location":{"@type":"Location","@id":"817ed804-f0ed-3175-b39d-7576a1c242b1","name":"Europe without Switzerland"},"flowProperties":[{"@type":"FlowPropertyFactor","referenceFlowProperty":true,"flowProperty":{"@type":"FlowProperty","@id":"f6811440-ee37-11de-8a39-0800200c9a66","name":"Energy","categoryPath":["Technical flow properties"]},"conversionFactor":1.0}]}