{"@context":"http://greendelta.github.io/olca-schema/context.jsonld","@type":"Flow","@id":"8044aa04-8957-39a0-b1bd-175bb13a9510","name":"passenger car, diesel | passenger car production, diesel","description":"EcoSpold 2 intermediate exchange, ID \u003d 37eae845-9707-41ee-acf1-3c9b9f81e454","version":"00.00.001","lastChange":"2019-09-29T13:07:46.752+02:00","category":{"@type":"Category","@id":"7814bef0-92b4-332c-9e4f-023a18d4dd55","name":"2910:Manufacture of motor vehicles","categoryPath":["C:Manufacturing","29:Manufacture of motor vehicles, trailers and semi-trailers","291:Manufacture of motor vehicles"],"categoryType":"Flow"},"flowType":"PRODUCT_FLOW","infrastructureFlow":false,"location":{"@type":"Location","@id":"56bca136-90bb-3a77-9abb-7ce558af711e","name":"Global"},"flowProperties":[{"@type":"FlowPropertyFactor","referenceFlowProperty":true,"flowProperty":{"@type":"FlowProperty","@id":"93a60a56-a3c8-11da-a746-0800200b9a66","name":"Mass","categoryPath":["Technical flow properties"]},"conversionFactor":1.0}]}