{"@context":"http://greendelta.github.io/olca-schema/context.jsonld","@type":"Flow","@id":"8205d265-5585-3c1f-bb5d-622c3eefb1bd","name":"electric motor, for electric scooter | electric motor production, for electric scooter","description":"EcoSpold 2 intermediate exchange, ID \u003d 87a84dc1-502a-4213-a0c7-6ef45e1c520b","version":"00.00.001","lastChange":"2019-09-29T13:07:45.648+02:00","category":{"@type":"Category","@id":"b0db2857-c3cf-3299-badf-682965b00923","name":"2610:Manufacture of electronic components and boards","categoryPath":["C:Manufacturing","26:Manufacture of computer, electronic and optical products","261:Manufacture of electronic components and boards"],"categoryType":"Flow"},"flowType":"PRODUCT_FLOW","infrastructureFlow":false,"location":{"@type":"Location","@id":"56bca136-90bb-3a77-9abb-7ce558af711e","name":"Global"},"flowProperties":[{"@type":"FlowPropertyFactor","referenceFlowProperty":true,"flowProperty":{"@type":"FlowProperty","@id":"93a60a56-a3c8-11da-a746-0800200b9a66","name":"Mass","categoryPath":["Technical flow properties"]},"conversionFactor":1.0}]}