{"@context":"http://greendelta.github.io/olca-schema/context.jsonld","@type":"Flow","@id":"862f8454-f0cc-3b28-9e94-c74e9ae8cac5","name":"passenger car, petrol/natural gas | market for passenger car, petrol/natural gas","description":"EcoSpold 2 intermediate exchange, ID \u003d 0f26d3c7-c362-4f36-bd45-250bcdf1825e","version":"00.00.001","lastChange":"2019-09-29T13:07:46.739+02:00","category":{"@type":"Category","@id":"7814bef0-92b4-332c-9e4f-023a18d4dd55","name":"2910:Manufacture of motor vehicles","categoryPath":["C:Manufacturing","29:Manufacture of motor vehicles, trailers and semi-trailers","291:Manufacture of motor vehicles"],"categoryType":"Flow"},"flowType":"PRODUCT_FLOW","infrastructureFlow":false,"location":{"@type":"Location","@id":"56bca136-90bb-3a77-9abb-7ce558af711e","name":"Global"},"flowProperties":[{"@type":"FlowPropertyFactor","referenceFlowProperty":true,"flowProperty":{"@type":"FlowProperty","@id":"93a60a56-a3c8-11da-a746-0800200b9a66","name":"Mass","categoryPath":["Technical flow properties"]},"conversionFactor":1.0}]}