{"@context":"http://greendelta.github.io/olca-schema/context.jsonld","@type":"Flow","@id":"8884f443-0c72-37db-a5ca-bf5bd5876974","name":"mastic asphalt | mastic asphalt production","description":"EcoSpold 2 intermediate exchange, ID \u003d f2c644de-0c8d-4194-83fb-02e1e83d04ab","version":"00.00.001","lastChange":"2019-09-29T13:07:40.445+02:00","category":{"@type":"Category","@id":"e46adb50-1ecb-37ec-b373-ea29193701ab","name":"2399:Manufacture of other non-metallic mineral products n.e.c.","categoryPath":["C:Manufacturing","23:Manufacture of other non-metallic mineral products","239:Manufacture of non-metallic mineral products n.e.c."],"categoryType":"Flow"},"flowType":"PRODUCT_FLOW","infrastructureFlow":false,"location":{"@type":"Location","@id":"d88fc6ed-f21e-3464-935f-f76288b84103","name":"Switzerland"},"flowProperties":[{"@type":"FlowPropertyFactor","referenceFlowProperty":true,"flowProperty":{"@type":"FlowProperty","@id":"93a60a56-a3c8-11da-a746-0800200b9a66","name":"Mass","categoryPath":["Technical flow properties"]},"conversionFactor":1.0}]}