{"@context":"http://greendelta.github.io/olca-schema/context.jsonld","@type":"Flow","@id":"891bbdb4-c265-3dc5-a95f-7ff5c837fa0b","name":"maintenance, motor scooter | market for maintenance, motor scooter","description":"EcoSpold 2 intermediate exchange, ID \u003d 47db64ec-c8e9-4979-b22e-9f0c380966f5","version":"00.00.001","lastChange":"2019-09-29T13:08:37.527+02:00","category":{"@type":"Category","@id":"8c5c954e-f638-310c-802c-37a9360bf324","name":"4540:Sale, maintenance and repair of motorcycles and related parts and accessori","categoryPath":["G:Wholesale and retail trade; repair of motor vehicles and motorcycles","45:Wholesale and retail trade and repair of motor vehicles and motorcycles","454:Sale, maintenance and repair of motorcycles and related parts and accessories"],"categoryType":"Flow"},"flowType":"PRODUCT_FLOW","infrastructureFlow":false,"location":{"@type":"Location","@id":"56bca136-90bb-3a77-9abb-7ce558af711e","name":"Global"},"flowProperties":[{"@type":"FlowPropertyFactor","referenceFlowProperty":true,"flowProperty":{"@type":"FlowProperty","@id":"01846770-4cfe-4a25-8ad9-919d8d378345","name":"Number of items","categoryPath":["Technical flow properties"]},"conversionFactor":1.0}]}