{"@context":"http://greendelta.github.io/olca-schema/context.jsonld","@type":"Flow","@id":"897fa3ab-7db1-4771-9290-161d1db03a60","name":"Taxi_ride_hailing_1Unit","description":"","version":"00.00.000","flowType":"PRODUCT_FLOW","infrastructureFlow":false,"flowProperties":[{"@type":"FlowPropertyFactor","referenceFlowProperty":true,"flowProperty":{"@type":"FlowProperty","@id":"01846770-4cfe-4a25-8ad9-919d8d378345","name":"Number of items","categoryPath":["Technical flow properties"]},"conversionFactor":1.0}]}