{"@context":"http://greendelta.github.io/olca-schema/context.jsonld","@type":"Flow","@id":"8f256fe2-3205-3781-a01a-823b1b9305a3","name":"tram track | tram track construction","description":"EcoSpold 2 intermediate exchange, ID \u003d b0ef6814-0419-4d44-b9da-ff2de672a064","version":"00.00.001","lastChange":"2019-09-29T13:08:35.092+02:00","category":{"@type":"Category","@id":"9971ace6-217a-30a9-bba2-e537dcd84620","name":"4210:Construction of roads and railways","categoryPath":["F:Construction","42:Civil engineering","421:Construction of roads and railways"],"categoryType":"Flow"},"flowType":"PRODUCT_FLOW","infrastructureFlow":false,"location":{"@type":"Location","@id":"d88fc6ed-f21e-3464-935f-f76288b84103","name":"Switzerland"},"flowProperties":[{"@type":"FlowPropertyFactor","referenceFlowProperty":true,"flowProperty":{"@type":"FlowProperty","@id":"b7ffb330-95a8-4815-a78c-47fcdee3b768","name":"Length*time","categoryPath":["Technical flow properties"]},"conversionFactor":1.0}]}