{"@context":"http://greendelta.github.io/olca-schema/context.jsonld","@type":"Flow","@id":"9131f48a-db34-36e0-b607-558b472e04c7","name":"powder coat, aluminium sheet | market for powder coat, aluminium sheet","description":"EcoSpold 2 intermediate exchange, ID \u003d 95dec2c2-ddd6-4c04-8b60-a780dc03b222","version":"00.00.001","lastChange":"2019-09-29T13:07:34.274+02:00","category":{"@type":"Category","@id":"c6eb0625-28d0-3fae-9f43-345555c8d54a","name":"2592:Treatment and coating of metals; machining","categoryPath":["C:Manufacturing","25:Manufacture of fabricated metal products, except machinery and equipment","259:Manufacture of other fabricated metal products; metalworking service activit"],"categoryType":"Flow"},"flowType":"PRODUCT_FLOW","infrastructureFlow":false,"location":{"@type":"Location","@id":"56bca136-90bb-3a77-9abb-7ce558af711e","name":"Global"},"flowProperties":[{"@type":"FlowPropertyFactor","referenceFlowProperty":true,"flowProperty":{"@type":"FlowProperty","@id":"93a60a56-a3c8-19da-a746-0800200c9a66","name":"Area","categoryPath":["Technical flow properties"]},"conversionFactor":1.0}]}