{"@context":"http://greendelta.github.io/olca-schema/context.jsonld","@type":"Flow","@id":"95c802b9-272e-392b-b2a1-f6ecfb30f30f","name":"bicycle | market for bicycle","description":"EcoSpold 2 intermediate exchange, ID \u003d dfaf81e4-74bd-44ac-9d66-00ae3db40bc6","version":"00.00.001","lastChange":"2019-09-29T13:07:47.283+02:00","category":{"@type":"Category","@id":"8afca242-5418-3bb3-a0f3-634c19547d5a","name":"3092:Manufacture of bicycles and invalid carriages","categoryPath":["C:Manufacturing","30:Manufacture of other transport equipment","309:Manufacture of transport equipment n.e.c."],"categoryType":"Flow"},"flowType":"PRODUCT_FLOW","infrastructureFlow":false,"location":{"@type":"Location","@id":"56bca136-90bb-3a77-9abb-7ce558af711e","name":"Global"},"flowProperties":[{"@type":"FlowPropertyFactor","referenceFlowProperty":true,"flowProperty":{"@type":"FlowProperty","@id":"01846770-4cfe-4a25-8ad9-919d8d378345","name":"Number of items","categoryPath":["Technical flow properties"]},"conversionFactor":1.0}]}