{"@context":"http://greendelta.github.io/olca-schema/context.jsonld","@type":"Flow","@id":"995175c7-6a95-32ce-8407-f73e497d791b","name":"gravel, crushed | market for gravel, crushed","description":"EcoSpold 2 intermediate exchange, ID \u003d 37eceabd-b33f-4757-a4b9-5c51dee1710d","version":"00.00.001","lastChange":"2019-09-29T13:07:24.575+02:00","category":{"@type":"Category","@id":"f67d3df7-314b-39d4-8254-fd0eeb6a4044","name":"0810:Quarrying of stone, sand and clay","categoryPath":["B:Mining and quarrying","08:Other mining and quarrying","081:Quarrying of stone, sand and clay"],"categoryType":"Flow"},"flowType":"PRODUCT_FLOW","infrastructureFlow":false,"location":{"@type":"Location","@id":"56bca136-90bb-3a77-9abb-7ce558af711e","name":"Global"},"flowProperties":[{"@type":"FlowPropertyFactor","referenceFlowProperty":true,"flowProperty":{"@type":"FlowProperty","@id":"93a60a56-a3c8-11da-a746-0800200b9a66","name":"Mass","categoryPath":["Technical flow properties"]},"conversionFactor":1.0}]}