{"@context":"http://greendelta.github.io/olca-schema/context.jsonld","@type":"Flow","@id":"9a7380d1-6e23-48ad-b35a-14bd1ecb3133","name":"Phosphorus, 18% in apatite, 4% in crude ore, in ground","version":"00.00.000","category":{"@type":"Category","@id":"8e6ddbf4-dcee-31e2-acd1-1f1c2694a66d","name":"in ground","categoryPath":["Elementary flows","Resource"],"categoryType":"Flow"},"flowType":"ELEMENTARY_FLOW","cas":"007723-14-0","formula":"P","infrastructureFlow":false,"flowProperties":[{"@type":"FlowPropertyFactor","referenceFlowProperty":true,"flowProperty":{"@type":"FlowProperty","@id":"93a60a56-a3c8-11da-a746-0800200b9a66","name":"Mass","categoryPath":["Technical flow properties"]},"conversionFactor":1.0}]}