{"@context":"http://greendelta.github.io/olca-schema/context.jsonld","@type":"Flow","@id":"9aa2cfb3-844b-3bf5-8901-16da2b637e94","name":"heavy fuel oil, burned in refinery furnace | heavy fuel oil, burned in refinery furnace","description":"EcoSpold 2 intermediate exchange, ID \u003d b8e7c209-349c-4f20-956b-533119feab30","version":"00.00.001","lastChange":"2019-09-29T13:08:22.022+02:00","category":{"@type":"Category","@id":"153fb9d7-7503-322e-b5e9-70dc590067d2","name":"3530a: Steam and air conditioning supply based on liquid fuels ","categoryPath":["D:Electricity, gas, steam and air conditioning supply","35:Electricity, gas, steam and air conditioning supply","353:Steam and air conditioning supply","3530:Steam and air conditioning supply"],"categoryType":"Flow"},"flowType":"PRODUCT_FLOW","infrastructureFlow":false,"location":{"@type":"Location","@id":"817ed804-f0ed-3175-b39d-7576a1c242b1","name":"Europe without Switzerland"},"flowProperties":[{"@type":"FlowPropertyFactor","referenceFlowProperty":true,"flowProperty":{"@type":"FlowProperty","@id":"f6811440-ee37-11de-8a39-0800200c9a66","name":"Energy","categoryPath":["Technical flow properties"]},"conversionFactor":1.0}]}