{"@context":"http://greendelta.github.io/olca-schema/context.jsonld","@type":"Flow","@id":"9ae0720d-c160-3a4d-9f57-cc08af8ef3ff","name":"railway track | railway track construction","description":"EcoSpold 2 intermediate exchange, ID \u003d cb388ab7-cbc9-412f-ab11-811c808a8004","version":"00.00.001","lastChange":"2019-09-29T13:08:35.150+02:00","category":{"@type":"Category","@id":"9971ace6-217a-30a9-bba2-e537dcd84620","name":"4210:Construction of roads and railways","categoryPath":["F:Construction","42:Civil engineering","421:Construction of roads and railways"],"categoryType":"Flow"},"flowType":"PRODUCT_FLOW","infrastructureFlow":false,"location":{"@type":"Location","@id":"d88fc6ed-f21e-3464-935f-f76288b84103","name":"Switzerland"},"flowProperties":[{"@type":"FlowPropertyFactor","referenceFlowProperty":true,"flowProperty":{"@type":"FlowProperty","@id":"b7ffb330-95a8-4815-a78c-47fcdee3b768","name":"Length*time","categoryPath":["Technical flow properties"]},"conversionFactor":1.0}]}