{"@context":"http://greendelta.github.io/olca-schema/context.jsonld","@type":"Flow","@id":"abd4f9de-8cde-387f-a9fd-61421a453a28","name":"transport, freight, lorry 3.5-7.5 metric ton, EURO5 | market for transport, freight, lorry 3.5-7.5 metric ton, EURO5","description":"EcoSpold 2 intermediate exchange, ID \u003d 99598921-d5df-489f-b96c-7dd4ba6b36a6","version":"00.00.001","lastChange":"2019-09-29T13:08:39.723+02:00","category":{"@type":"Category","@id":"fa86d4bf-53ee-3275-9994-a9041149389f","name":"4923:Freight transport by road","categoryPath":["H:Transportation and storage","49:Land transport and transport via pipelines","492:Other land transport"],"categoryType":"Flow"},"flowType":"PRODUCT_FLOW","infrastructureFlow":false,"location":{"@type":"Location","@id":"56bca136-90bb-3a77-9abb-7ce558af711e","name":"Global"},"flowProperties":[{"@type":"FlowPropertyFactor","referenceFlowProperty":true,"flowProperty":{"@type":"FlowProperty","@id":"838aaa20-0117-11db-92e3-0800200c9a66","name":"Goods transport (mass*distance)","categoryPath":["Technical flow properties"]},"conversionFactor":1.0}]}