{"@context":"http://greendelta.github.io/olca-schema/context.jsonld","@type":"Flow","@id":"ac103bf6-54c4-3f6f-b637-ac0fa6846728","name":"wastewater, average | treatment of wastewater, average, capacity 1E9l/year","description":"EcoSpold 2 intermediate exchange, ID \u003d e8a51ec1-60cb-4ead-a948-ad1142c61918","version":"00.00.001","lastChange":"2019-09-29T13:08:27.508+02:00","category":{"@type":"Category","@id":"263a2e4d-7aea-3752-9779-04c5d4fd4d67","name":"3700:Sewerage","categoryPath":["E:Water supply; sewerage, waste management and remediation activities","37:Sewerage","370:Sewerage"],"categoryType":"Flow"},"flowType":"PRODUCT_FLOW","infrastructureFlow":false,"location":{"@type":"Location","@id":"1e2bf244-82a6-36c2-9374-13eae0aeac38","name":"Québec"},"flowProperties":[{"@type":"FlowPropertyFactor","referenceFlowProperty":true,"flowProperty":{"@type":"FlowProperty","@id":"93a60a56-a3c8-22da-a746-0800200c9a66","name":"Volume","categoryPath":["Technical flow properties"]},"conversionFactor":1.0}]}