{"@context":"http://greendelta.github.io/olca-schema/context.jsonld","@type":"Flow","@id":"ae337252-28cb-3e1f-a119-8db9f1fc4836","name":"aluminium, cast alloy | market for aluminium, cast alloy","description":"EcoSpold 2 intermediate exchange, ID \u003d a430f433-cdc8-45be-ace2-32a634634d3b","version":"00.00.001","lastChange":"2019-09-29T13:07:44.268+02:00","category":{"@type":"Category","@id":"0b340f6f-0815-389e-8230-eaecc12d5a64","name":"2420:Manufacture of basic precious and other non-ferrous metals","categoryPath":["C:Manufacturing","24:Manufacture of basic metals","242:Manufacture of basic precious and other non-ferrous metals"],"categoryType":"Flow"},"flowType":"PRODUCT_FLOW","infrastructureFlow":false,"location":{"@type":"Location","@id":"56bca136-90bb-3a77-9abb-7ce558af711e","name":"Global"},"flowProperties":[{"@type":"FlowPropertyFactor","referenceFlowProperty":true,"flowProperty":{"@type":"FlowProperty","@id":"93a60a56-a3c8-11da-a746-0800200b9a66","name":"Mass","categoryPath":["Technical flow properties"]},"conversionFactor":1.0}]}