{"@context":"http://greendelta.github.io/olca-schema/context.jsonld","@type":"Flow","@id":"af398ee8-3376-3e5f-9520-ba759bb69210","name":"battery cell, Li-ion | battery cell production, Li-ion","description":"EcoSpold 2 intermediate exchange, ID \u003d 3103a12f-4541-4c57-88e1-79d331927a66","version":"00.00.001","lastChange":"2019-09-29T13:07:35.443+02:00","category":{"@type":"Category","@id":"b3949948-bbf1-35b8-85d7-2e9be60aa289","name":"2720:Manufacture of batteries and accumulators","categoryPath":["C:Manufacturing","27:Manufacture of electrical equipment","272:Manufacture of batteries and accumulators"],"categoryType":"Flow"},"flowType":"PRODUCT_FLOW","infrastructureFlow":false,"location":{"@type":"Location","@id":"7efdfc94-655a-35dc-aa3e-c85e9bb703fa","name":"China"},"flowProperties":[{"@type":"FlowPropertyFactor","referenceFlowProperty":true,"flowProperty":{"@type":"FlowProperty","@id":"93a60a56-a3c8-11da-a746-0800200b9a66","name":"Mass","categoryPath":["Technical flow properties"]},"conversionFactor":1.0}]}