{"@context":"http://greendelta.github.io/olca-schema/context.jsonld","@type":"Flow","@id":"b013416f-8eb4-3341-906b-9229c9539e18","name":"maintenance, bicycle | market for maintenance, bicycle","description":"EcoSpold 2 intermediate exchange, ID \u003d 4550c693-37f5-465b-99d1-3f3497380dfb","version":"00.00.001","lastChange":"2019-09-29T13:08:41.773+02:00","category":{"@type":"Category","@id":"4678aaee-d8ff-379a-8635-eb4bc337b6ea","name":"9529:Repair of other personal and household goods","categoryPath":["S:Other service activities","95:Repair of computers and personal and household goods","952:Repair of personal and household goods"],"categoryType":"Flow"},"flowType":"PRODUCT_FLOW","infrastructureFlow":false,"location":{"@type":"Location","@id":"56bca136-90bb-3a77-9abb-7ce558af711e","name":"Global"},"flowProperties":[{"@type":"FlowPropertyFactor","referenceFlowProperty":true,"flowProperty":{"@type":"FlowProperty","@id":"01846770-4cfe-4a25-8ad9-919d8d378345","name":"Number of items","categoryPath":["Technical flow properties"]},"conversionFactor":1.0}]}