{"@context":"http://greendelta.github.io/olca-schema/context.jsonld","@type":"Flow","@id":"b7a1d7d9-ec80-4586-9c51-b89014c2ba9b","name":"Streetcar_1Unit","description":"","version":"00.00.000","flowType":"PRODUCT_FLOW","infrastructureFlow":false,"flowProperties":[{"@type":"FlowPropertyFactor","referenceFlowProperty":true,"flowProperty":{"@type":"FlowProperty","@id":"01846770-4cfe-4a25-8ad9-919d8d378345","name":"Number of items","categoryPath":["Technical flow properties"]},"conversionFactor":1.0}]}