{"@context":"http://greendelta.github.io/olca-schema/context.jsonld","@type":"Flow","@id":"bac470d9-4d5a-3599-9009-95581a16a612","name":"used Li-ion battery | market for used Li-ion battery","description":"EcoSpold 2 intermediate exchange, ID \u003d e3c4c750-7765-43b6-802b-8dbe05270f05","version":"00.00.001","lastChange":"2019-09-29T13:08:31.470+02:00","category":{"@type":"Category","@id":"21049161-42a8-35e5-9b55-87b2587ab132","name":"3830:Materials recovery","categoryPath":["E:Water supply; sewerage, waste management and remediation activities","38:Waste collection, treatment and disposal activities; materials recovery","383:Materials recovery"],"categoryType":"Flow"},"flowType":"PRODUCT_FLOW","infrastructureFlow":false,"location":{"@type":"Location","@id":"56bca136-90bb-3a77-9abb-7ce558af711e","name":"Global"},"flowProperties":[{"@type":"FlowPropertyFactor","referenceFlowProperty":true,"flowProperty":{"@type":"FlowProperty","@id":"93a60a56-a3c8-11da-a746-0800200b9a66","name":"Mass","categoryPath":["Technical flow properties"]},"conversionFactor":1.0}]}