{"@context":"http://greendelta.github.io/olca-schema/context.jsonld","@type":"Flow","@id":"bd8e05a0-47c4-3200-8b77-8077a373adf4","name":"electricity, low voltage | market for electricity, low voltage","description":"EcoSpold 2 intermediate exchange, ID \u003d d69294d7-8d64-4915-a896-9996a014c410","version":"00.00.001","lastChange":"2019-09-29T13:08:16.814+02:00","category":{"@type":"Category","@id":"0e6149ca-24d7-311e-a412-f492c801067b","name":"3510:Electric power generation, transmission and distribution","categoryPath":["D:Electricity, gas, steam and air conditioning supply","35:Electricity, gas, steam and air conditioning supply","351:Electric power generation, transmission and distribution"],"categoryType":"Flow"},"flowType":"PRODUCT_FLOW","infrastructureFlow":false,"location":{"@type":"Location","@id":"82a9e4d2-6595-387a-b6e4-42391d8c5bba","name":"France"},"flowProperties":[{"@type":"FlowPropertyFactor","referenceFlowProperty":true,"flowProperty":{"@type":"FlowProperty","@id":"f6811440-ee37-11de-8a39-0800200c9a66","name":"Energy","categoryPath":["Technical flow properties"]},"conversionFactor":1.0}]}