{"@context":"http://greendelta.github.io/olca-schema/context.jsonld","@type":"Flow","@id":"be57495d-6198-3e20-a7e9-0f43ce810a00","name":"concrete block | market for concrete block","description":"EcoSpold 2 intermediate exchange, ID \u003d d4ee8f39-342b-4443-bbb9-c49b6801b5d6","version":"00.00.001","lastChange":"2019-09-29T13:07:42.664+02:00","category":{"@type":"Category","@id":"f56da165-09ff-3894-bf67-3e0b865cea74","name":"2395:Manufacture of articles of concrete, cement and plaster","categoryPath":["C:Manufacturing","23:Manufacture of other non-metallic mineral products","239:Manufacture of non-metallic mineral products n.e.c."],"categoryType":"Flow"},"flowType":"PRODUCT_FLOW","infrastructureFlow":false,"location":{"@type":"Location","@id":"56bca136-90bb-3a77-9abb-7ce558af711e","name":"Global"},"flowProperties":[{"@type":"FlowPropertyFactor","referenceFlowProperty":true,"flowProperty":{"@type":"FlowProperty","@id":"93a60a56-a3c8-11da-a746-0800200b9a66","name":"Mass","categoryPath":["Technical flow properties"]},"conversionFactor":1.0}]}