{"@context":"http://greendelta.github.io/olca-schema/context.jsonld","@type":"Flow","@id":"bf9050e9-52c2-345a-9857-81fae458a2f9","name":"tap water | market for tap water","description":"EcoSpold 2 intermediate exchange, ID \u003d c5adb1fb-872e-4446-a3bb-c4b61aa4bd45","version":"00.00.001","lastChange":"2019-09-29T13:08:27.344+02:00","category":{"@type":"Category","@id":"4dc204a8-6737-36ac-870b-bb2fb6099b21","name":"3600:Water collection, treatment and supply","categoryPath":["E:Water supply; sewerage, waste management and remediation activities","36:Water collection, treatment and supply","360:Water collection, treatment and supply"],"categoryType":"Flow"},"flowType":"PRODUCT_FLOW","infrastructureFlow":false,"location":{"@type":"Location","@id":"817ed804-f0ed-3175-b39d-7576a1c242b1","name":"Europe without Switzerland"},"flowProperties":[{"@type":"FlowPropertyFactor","referenceFlowProperty":true,"flowProperty":{"@type":"FlowProperty","@id":"93a60a56-a3c8-11da-a746-0800200b9a66","name":"Mass","categoryPath":["Technical flow properties"]},"conversionFactor":1.0}]}