{"@context":"http://greendelta.github.io/olca-schema/context.jsonld","@type":"Flow","@id":"c8e7c63a-e051-3f30-9804-cf6af96a01e9","name":"heat, district or industrial, natural gas | market for heat, district or industrial, natural gas","description":"EcoSpold 2 intermediate exchange, ID \u003d 1125e767-7b5d-442e-81d6-9b0d3e1919ac","version":"00.00.001","lastChange":"2019-09-29T13:08:22.631+02:00","category":{"@type":"Category","@id":"9f49f2e1-a276-37bb-882b-044af9bb8c5d","name":"3530:Steam and air conditioning supply","categoryPath":["D:Electricity, gas, steam and air conditioning supply","35:Electricity, gas, steam and air conditioning supply","353:Steam and air conditioning supply"],"categoryType":"Flow"},"flowType":"PRODUCT_FLOW","infrastructureFlow":false,"location":{"@type":"Location","@id":"f1965a85-7bc2-35d2-afe2-2023aa5ab50d","name":"Rest-of-World"},"flowProperties":[{"@type":"FlowPropertyFactor","referenceFlowProperty":true,"flowProperty":{"@type":"FlowProperty","@id":"f6811440-ee37-11de-8a39-0800200c9a66","name":"Energy","categoryPath":["Technical flow properties"]},"conversionFactor":1.0}]}