{"@context":"http://greendelta.github.io/olca-schema/context.jsonld","@type":"Flow","@id":"cacfd448-6c2d-4061-9363-fd506b979f25","name":"Ethane, 1,1,2-trichloro-1,2,2-trifluoro-, CFC-113","version":"00.00.000","category":{"@type":"Category","@id":"5ee13ccb-a299-3d36-8d7e-be8281e8891a","name":"unspecified","categoryPath":["Elementary flows","Emission to air"],"categoryType":"Flow"},"flowType":"ELEMENTARY_FLOW","cas":"000076-13-1","formula":"C2Cl3F3","infrastructureFlow":false,"flowProperties":[{"@type":"FlowPropertyFactor","referenceFlowProperty":true,"flowProperty":{"@type":"FlowProperty","@id":"93a60a56-a3c8-11da-a746-0800200b9a66","name":"Mass","categoryPath":["Technical flow properties"]},"conversionFactor":1.0}]}