{"@context":"http://greendelta.github.io/olca-schema/context.jsonld","@type":"Flow","@id":"cd136047-2ca8-39f4-9b82-4e2f6345bd5f","name":"transport, freight train | transport, freight train, electricity","description":"EcoSpold 2 intermediate exchange, ID \u003d 0ace02fa-eca5-482d-a829-c18e46a52db4","version":"00.00.001","lastChange":"2019-09-29T13:08:39.038+02:00","category":{"@type":"Category","@id":"77265cea-114a-3114-b2a1-d93f7d0e832f","name":"4912:Freight rail transport","categoryPath":["H:Transportation and storage","49:Land transport and transport via pipelines","491:Transport via railways"],"categoryType":"Flow"},"flowType":"PRODUCT_FLOW","infrastructureFlow":false,"location":{"@type":"Location","@id":"f1965a85-7bc2-35d2-afe2-2023aa5ab50d","name":"Rest-of-World"},"flowProperties":[{"@type":"FlowPropertyFactor","referenceFlowProperty":true,"flowProperty":{"@type":"FlowProperty","@id":"838aaa20-0117-11db-92e3-0800200c9a66","name":"Goods transport (mass*distance)","categoryPath":["Technical flow properties"]},"conversionFactor":1.0}]}