{"@context":"http://greendelta.github.io/olca-schema/context.jsonld","@type":"Flow","@id":"d03f13bc-47db-3256-9a17-fb672936ad76","name":"maintenance, passenger car, electric, without battery | maintenance, passenger car, electric, without battery","description":"EcoSpold 2 intermediate exchange, ID \u003d f5944d71-0b10-4275-b5e3-850cc72edcb8","version":"00.00.001","lastChange":"2019-09-29T13:08:37.493+02:00","category":{"@type":"Category","@id":"3d77b353-76b6-30a7-8738-2272cb3362ab","name":"4520:Maintenance and repair of motor vehicles","categoryPath":["G:Wholesale and retail trade; repair of motor vehicles and motorcycles","45:Wholesale and retail trade and repair of motor vehicles and motorcycles","452:Maintenance and repair of motor vehicles"],"categoryType":"Flow"},"flowType":"PRODUCT_FLOW","infrastructureFlow":false,"location":{"@type":"Location","@id":"56bca136-90bb-3a77-9abb-7ce558af711e","name":"Global"},"flowProperties":[{"@type":"FlowPropertyFactor","referenceFlowProperty":true,"flowProperty":{"@type":"FlowProperty","@id":"01846770-4cfe-4a25-8ad9-919d8d378345","name":"Number of items","categoryPath":["Technical flow properties"]},"conversionFactor":1.0}]}