{"@context":"http://greendelta.github.io/olca-schema/context.jsonld","@type":"Flow","@id":"d7d610b7-9d3f-31e7-a0fa-4472d556e006","name":"tap water | market for tap water","description":"EcoSpold 2 intermediate exchange, ID \u003d c5adb1fb-872e-4446-a3bb-c4b61aa4bd45","version":"00.00.001","lastChange":"2019-09-29T13:08:27.484+02:00","category":{"@type":"Category","@id":"4dc204a8-6737-36ac-870b-bb2fb6099b21","name":"3600:Water collection, treatment and supply","categoryPath":["E:Water supply; sewerage, waste management and remediation activities","36:Water collection, treatment and supply","360:Water collection, treatment and supply"],"categoryType":"Flow"},"flowType":"PRODUCT_FLOW","infrastructureFlow":false,"location":{"@type":"Location","@id":"f1965a85-7bc2-35d2-afe2-2023aa5ab50d","name":"Rest-of-World"},"flowProperties":[{"@type":"FlowPropertyFactor","referenceFlowProperty":true,"flowProperty":{"@type":"FlowProperty","@id":"93a60a56-a3c8-11da-a746-0800200b9a66","name":"Mass","categoryPath":["Technical flow properties"]},"conversionFactor":1.0}]}