{"@context":"http://greendelta.github.io/olca-schema/context.jsonld","@type":"Flow","@id":"d991ffe8-55de-49d7-a81b-201e58c62a85","name":"ES_collection","description":"","version":"00.00.000","flowType":"PRODUCT_FLOW","infrastructureFlow":false,"flowProperties":[{"@type":"FlowPropertyFactor","referenceFlowProperty":true,"flowProperty":{"@type":"FlowProperty","@id":"01846770-4cfe-4a25-8ad9-919d8d378345","name":"Number of items","categoryPath":["Technical flow properties"]},"conversionFactor":1.0}]}