{"@context":"http://greendelta.github.io/olca-schema/context.jsonld","@type":"Flow","@id":"da94c1e8-cffb-360a-8e61-26713f4b3734","name":"maintenance, electric scooter, without battery | market for maintenance, electric scooter, without battery","description":"EcoSpold 2 intermediate exchange, ID \u003d 90c3c146-16ab-4e66-9cb5-424629767a3b","version":"00.00.001","lastChange":"2019-09-29T13:08:37.518+02:00","category":{"@type":"Category","@id":"8c5c954e-f638-310c-802c-37a9360bf324","name":"4540:Sale, maintenance and repair of motorcycles and related parts and accessori","categoryPath":["G:Wholesale and retail trade; repair of motor vehicles and motorcycles","45:Wholesale and retail trade and repair of motor vehicles and motorcycles","454:Sale, maintenance and repair of motorcycles and related parts and accessories"],"categoryType":"Flow"},"flowType":"PRODUCT_FLOW","infrastructureFlow":false,"location":{"@type":"Location","@id":"56bca136-90bb-3a77-9abb-7ce558af711e","name":"Global"},"flowProperties":[{"@type":"FlowPropertyFactor","referenceFlowProperty":true,"flowProperty":{"@type":"FlowProperty","@id":"01846770-4cfe-4a25-8ad9-919d8d378345","name":"Number of items","categoryPath":["Technical flow properties"]},"conversionFactor":1.0}]}