{"@context":"http://greendelta.github.io/olca-schema/context.jsonld","@type":"Flow","@id":"dbd30c64-394e-3386-819f-0c918a2ece25","name":"petrol, low-sulfur | market for petrol, low-sulfur","description":"EcoSpold 2 intermediate exchange, ID \u003d 894c4486-e821-4d6c-b99f-7e3f63d4a083","version":"00.00.001","lastChange":"2019-09-29T13:07:36.264+02:00","category":{"@type":"Category","@id":"dbad782b-61cf-3a4a-b220-d54dcef60644","name":"1920:Manufacture of refined petroleum products","categoryPath":["C:Manufacturing","19:Manufacture of coke and refined petroleum products","192:Manufacture of refined petroleum products"],"categoryType":"Flow"},"flowType":"PRODUCT_FLOW","infrastructureFlow":false,"location":{"@type":"Location","@id":"817ed804-f0ed-3175-b39d-7576a1c242b1","name":"Europe without Switzerland"},"flowProperties":[{"@type":"FlowPropertyFactor","referenceFlowProperty":true,"flowProperty":{"@type":"FlowProperty","@id":"93a60a56-a3c8-11da-a746-0800200b9a66","name":"Mass","categoryPath":["Technical flow properties"]},"conversionFactor":1.0}]}