{"@context":"http://greendelta.github.io/olca-schema/context.jsonld","@type":"Flow","@id":"e5443065-1106-343b-8223-3a431f21d565","name":"synthetic rubber | market for synthetic rubber","description":"EcoSpold 2 intermediate exchange, ID \u003d 0da5307e-df93-4bc2-b5bc-6cda3cb55e8c","version":"00.00.001","lastChange":"2019-09-29T13:07:30.421+02:00","category":{"@type":"Category","@id":"c0a898f1-b5fe-3012-a8e3-b865ca781d8b","name":"2013:Manufacture of plastics and synthetic rubber in primary forms","categoryPath":["C:Manufacturing","20:Manufacture of chemicals and chemical products","201:Manufacture of basic chemicals, fertilizers and nitrogen compounds, plastics and synthetic rubber in primary forms"],"categoryType":"Flow"},"flowType":"PRODUCT_FLOW","infrastructureFlow":false,"location":{"@type":"Location","@id":"56bca136-90bb-3a77-9abb-7ce558af711e","name":"Global"},"flowProperties":[{"@type":"FlowPropertyFactor","referenceFlowProperty":true,"flowProperty":{"@type":"FlowProperty","@id":"93a60a56-a3c8-11da-a746-0800200b9a66","name":"Mass","categoryPath":["Technical flow properties"]},"conversionFactor":1.0}]}