{"@context":"http://greendelta.github.io/olca-schema/context.jsonld","@type":"Flow","@id":"ee7f6e74-2c18-3951-bf43-9e36d6f554f0","name":"bitumen adhesive compound, hot | bitumen adhesive compound production, hot","description":"EcoSpold 2 intermediate exchange, ID \u003d a90f106b-8f07-43bb-8210-a4c12ade0b2c","version":"00.00.001","lastChange":"2019-09-29T13:07:40.420+02:00","category":{"@type":"Category","@id":"e46adb50-1ecb-37ec-b373-ea29193701ab","name":"2399:Manufacture of other non-metallic mineral products n.e.c.","categoryPath":["C:Manufacturing","23:Manufacture of other non-metallic mineral products","239:Manufacture of non-metallic mineral products n.e.c."],"categoryType":"Flow"},"flowType":"PRODUCT_FLOW","infrastructureFlow":false,"location":{"@type":"Location","@id":"d66c264e-1dbd-33e6-911d-3ffc70908e8e","name":"Europe"},"flowProperties":[{"@type":"FlowPropertyFactor","referenceFlowProperty":true,"flowProperty":{"@type":"FlowProperty","@id":"93a60a56-a3c8-11da-a746-0800200b9a66","name":"Mass","categoryPath":["Technical flow properties"]},"conversionFactor":1.0}]}