{"@context":"http://greendelta.github.io/olca-schema/context.jsonld","@type":"Flow","@id":"ef168c0a-a5ed-4016-9cc2-5b943c00e92c","name":"FFES_UStage_1km","description":"","version":"00.00.000","flowType":"PRODUCT_FLOW","infrastructureFlow":false,"flowProperties":[{"@type":"FlowPropertyFactor","referenceFlowProperty":true,"flowProperty":{"@type":"FlowProperty","@id":"01846770-4cfe-4a25-8ad9-919d8d378345","name":"Number of items","categoryPath":["Technical flow properties"]},"conversionFactor":1.0}]}